[
    {
        "bossNo": "0844082",
        "empNo": null,
        "empName": "胡萬雄",
        "orgId": "MC5D00",
        "bossLevel": "15",
        "subOrg": [
            {
                "bossNo": "0245048",
                "empNo": null,
                "empName": "黃冠富",
                "orgId": "MC5DA0",
                "bossLevel": "20",
                "subOrg": [
                    {
                        "bossNo": "0243016",
                        "empNo": null,
                        "empName": "王順龍",
                        "orgId": "MC5DA1",
                        "bossLevel": "30",
                        "subOrg": [],
                        "radars": [
                            {
                                "skillLevel": "1",
                                "skillType": "廠務建廠",
                                "radarLevelCount": 1,
                                "radarLevelTotalCount": 1,
                                "radarLevelPercent": 100
                            }
                        ],
                        "pyramid": [
                            {
                                "skillLevel": "0",
                                "personLevelCount": 1,
                                "personCount": 2,
                                "personLevelPercent": 50
                            },
                            {
                                "skillLevel": "1",
                                "personLevelCount": 1,
                                "personCount": 2,
                                "personLevelPercent": 50
                            }
                        ]
                    },
                    {
                        "bossNo": "0251179",
                        "empNo": null,
                        "empName": "彭厚嘉",
                        "orgId": "MC5DA2",
                        "bossLevel": "30",
                        "subOrg": [],
                        "radars": [],
                        "pyramid": [
                            {
                                "skillLevel": "0",
                                "personLevelCount": 1,
                                "personCount": 1,
                                "personLevelPercent": 100
                            }
                        ]
                    }
                ],
                "radars": [
                    {
                        "skillLevel": "1",
                        "skillType": "建廠生產線規劃",
                        "radarLevelCount": 1,
                        "radarLevelTotalCount": 2,
                        "radarLevelPercent": 50
                    },
                    {
                        "skillLevel": "1",
                        "skillType": "自動化設備開發",
                        "radarLevelCount": 1,
                        "radarLevelTotalCount": 2,
                        "radarLevelPercent": 50
                    },
                    {
                        "skillLevel": "2",
                        "skillType": "自動化設備開發",
                        "radarLevelCount": 1,
                        "radarLevelTotalCount": 1,
                        "radarLevelPercent": 100
                    }
                ],
                "pyramid": [
                    {
                        "skillLevel": "1",
                        "personLevelCount": 2,
                        "personCount": 3,
                        "personLevelPercent": 66.7
                    },
                    {
                        "skillLevel": "2",
                        "personLevelCount": 1,
                        "personCount": 3,
                        "personLevelPercent": 33.3
                    }
                ]
            },
            {
                "bossNo": "0151033",
                "empNo": null,
                "empName": "廖坤彬",
                "orgId": "MC5DC0",
                "bossLevel": "20",
                "subOrg": [
                    {
                        "bossNo": "0445096",
                        "empNo": null,
                        "empName": "方煌仁",
                        "orgId": "MC5DC1",
                        "bossLevel": "30",
                        "subOrg": [],
                        "radars": [],
                        "pyramid": [
                            {
                                "skillLevel": "0",
                                "personLevelCount": 4,
                                "personCount": 4,
                                "personLevelPercent": 100
                            }
                        ]
                    },
                    {
                        "bossNo": "0148009",
                        "empNo": null,
                        "empName": "林連慶",
                        "orgId": "MC5DC2",
                        "bossLevel": "30",
                        "subOrg": [],
                        "radars": [
                            {
                                "skillLevel": "1",
                                "skillType": "建廠生產線規劃",
                                "radarLevelCount": 1,
                                "radarLevelTotalCount": 6,
                                "radarLevelPercent": 16.7
                            },
                            {
                                "skillLevel": "1",
                                "skillType": "自動化流程設計(廠端FA)",
                                "radarLevelCount": 1,
                                "radarLevelTotalCount": 6,
                                "radarLevelPercent": 16.7
                            },
                            {
                                "skillLevel": "1",
                                "skillType": "自動化設備開發",
                                "radarLevelCount": 3,
                                "radarLevelTotalCount": 6,
                                "radarLevelPercent": 50
                            },
                            {
                                "skillLevel": "1",
                                "skillType": "預測式生產",
                                "radarLevelCount": 1,
                                "radarLevelTotalCount": 6,
                                "radarLevelPercent": 16.7
                            },
                            {
                                "skillLevel": "2",
                                "skillType": "自動化設備開發",
                                "radarLevelCount": 2,
                                "radarLevelTotalCount": 5,
                                "radarLevelPercent": 40
                            },
                            {
                                "skillLevel": "2",
                                "skillType": "影像辨識/量測",
                                "radarLevelCount": 2,
                                "radarLevelTotalCount": 5,
                                "radarLevelPercent": 40
                            },
                            {
                                "skillLevel": "2",
                                "skillType": "預測式生產",
                                "radarLevelCount": 1,
                                "radarLevelTotalCount": 5,
                                "radarLevelPercent": 20
                            },
                            {
                                "skillLevel": "3",
                                "skillType": "影像辨識/量測",
                                "radarLevelCount": 1,
                                "radarLevelTotalCount": 1,
                                "radarLevelPercent": 100
                            }
                        ],
                        "pyramid": [
                            {
                                "skillLevel": "0",
                                "personLevelCount": 2,
                                "personCount": 14,
                                "personLevelPercent": 14.3
                            },
                            {
                                "skillLevel": "1",
                                "personLevelCount": 6,
                                "personCount": 14,
                                "personLevelPercent": 42.9
                            },
                            {
                                "skillLevel": "2",
                                "personLevelCount": 5,
                                "personCount": 14,
                                "personLevelPercent": 35.7
                            },
                            {
                                "skillLevel": "3",
                                "personLevelCount": 1,
                                "personCount": 14,
                                "personLevelPercent": 7.1
                            }
                        ]
                    },
                    {
                        "bossNo": "0946011",
                        "empNo": null,
                        "empName": "蔡永皇",
                        "orgId": "MC5DC3",
                        "bossLevel": "30",
                        "subOrg": [],
                        "radars": [
                            {
                                "skillLevel": "1",
                                "skillType": "自動化設備開發",
                                "radarLevelCount": 2,
                                "radarLevelTotalCount": 3,
                                "radarLevelPercent": 66.7
                            },
                            {
                                "skillLevel": "1",
                                "skillType": "預測式生產",
                                "radarLevelCount": 1,
                                "radarLevelTotalCount": 3,
                                "radarLevelPercent": 33.3
                            },
                            {
                                "skillLevel": "2",
                                "skillType": "自動化設備開發",
                                "radarLevelCount": 3,
                                "radarLevelTotalCount": 6,
                                "radarLevelPercent": 50
                            },
                            {
                                "skillLevel": "2",
                                "skillType": "數位化技術",
                                "radarLevelCount": 2,
                                "radarLevelTotalCount": 6,
                                "radarLevelPercent": 33.3
                            },
                            {
                                "skillLevel": "2",
                                "skillType": "預測式生產",
                                "radarLevelCount": 1,
                                "radarLevelTotalCount": 6,
                                "radarLevelPercent": 16.7
                            },
                            {
                                "skillLevel": "3",
                                "skillType": "自動化設備開發",
                                "radarLevelCount": 1,
                                "radarLevelTotalCount": 2,
                                "radarLevelPercent": 50
                            },
                            {
                                "skillLevel": "3",
                                "skillType": "數位化技術",
                                "radarLevelCount": 1,
                                "radarLevelTotalCount": 2,
                                "radarLevelPercent": 50
                            }
                        ],
                        "pyramid": [
                            {
                                "skillLevel": "1",
                                "personLevelCount": 3,
                                "personCount": 11,
                                "personLevelPercent": 27.3
                            },
                            {
                                "skillLevel": "2",
                                "personLevelCount": 6,
                                "personCount": 11,
                                "personLevelPercent": 54.5
                            },
                            {
                                "skillLevel": "3",
                                "personLevelCount": 2,
                                "personCount": 11,
                                "personLevelPercent": 18.2
                            }
                        ]
                    }
                ],
                "radars": [],
                "pyramid": []
            },
            {
                "bossNo": "0346116",
                "empNo": null,
                "empName": "黃俊傑",
                "orgId": "MC5DI0",
                "bossLevel": "20",
                "subOrg": [
                    {
                        "bossNo": "1052398",
                        "empNo": null,
                        "empName": "何孟宗",
                        "orgId": "MC5DI1",
                        "bossLevel": "30",
                        "subOrg": [],
                        "radars": [],
                        "pyramid": []
                    },
                    {
                        "bossNo": "1043166",
                        "empNo": null,
                        "empName": "林志銘",
                        "orgId": "MC5DI2",
                        "bossLevel": "30",
                        "subOrg": [],
                        "radars": [],
                        "pyramid": []
                    },
                    {
                        "bossNo": "0844092",
                        "empNo": null,
                        "empName": "鍾明勳",
                        "orgId": "MC5DI3",
                        "bossLevel": "30",
                        "subOrg": [],
                        "radars": [],
                        "pyramid": []
                    }
                ],
                "radars": [],
                "pyramid": []
            },
            {
                "bossNo": "0243018",
                "empNo": null,
                "empName": "呂振遠",
                "orgId": "MC5DM0",
                "bossLevel": "20",
                "subOrg": [
                    {
                        "bossNo": "0341002",
                        "empNo": null,
                        "empName": "林智淵",
                        "orgId": "MC5DM1",
                        "bossLevel": "30",
                        "subOrg": [],
                        "radars": [],
                        "pyramid": []
                    },
                    {
                        "bossNo": "0252203",
                        "empNo": null,
                        "empName": "林炯良",
                        "orgId": "MC5DM2",
                        "bossLevel": "30",
                        "subOrg": [],
                        "radars": [],
                        "pyramid": []
                    }
                ],
                "radars": [],
                "pyramid": []
            },
            {
                "bossNo": "0751160",
                "empNo": null,
                "empName": "陳顯榮",
                "orgId": "MC5DP0",
                "bossLevel": "20",
                "subOrg": [
                    {
                        "bossNo": "0551309",
                        "empNo": null,
                        "empName": "張永欣",
                        "orgId": "MC5DP1",
                        "bossLevel": "30",
                        "subOrg": [],
                        "radars": [],
                        "pyramid": []
                    },
                    {
                        "bossNo": "0643014",
                        "empNo": null,
                        "empName": "謝碧川",
                        "orgId": "MC5DP2",
                        "bossLevel": "30",
                        "subOrg": [],
                        "radars": [],
                        "pyramid": []
                    },
                    {
                        "bossNo": "0446126",
                        "empNo": null,
                        "empName": "許文宏",
                        "orgId": "MC5DP3",
                        "bossLevel": "30",
                        "subOrg": [],
                        "radars": [],
                        "pyramid": []
                    }
                ],
                "radars": [],
                "pyramid": []
            }
        ],
        "radars": [
            {
                "skillLevel": "1",
                "skillType": "自動化設備開發",
                "radarLevelCount": 1,
                "radarLevelTotalCount": 2,
                "radarLevelPercent": 50
            },
            {
                "skillLevel": "1",
                "skillType": "廠務建廠",
                "radarLevelCount": 1,
                "radarLevelTotalCount": 2,
                "radarLevelPercent": 50
            }
        ],
        "pyramid": [
            {
                "skillLevel": "1",
                "personLevelCount": 2,
                "personCount": 2,
                "personLevelPercent": 100
            }
        ]
    },
    {
        "bossNo": "0847258",
        "empNo": null,
        "empName": "賴俊谷",
        "orgId": "MC5E00",
        "bossLevel": "15",
        "subOrg": [
            {
                "bossNo": "0550298",
                "empNo": null,
                "empName": "楊博淳",
                "orgId": "MC5EI0",
                "bossLevel": "20",
                "subOrg": [
                    {
                        "bossNo": "0946009",
                        "empNo": null,
                        "empName": "吳宗益",
                        "orgId": "MC5EI1",
                        "bossLevel": "30",
                        "subOrg": [],
                        "radars": [
                            {
                                "skillLevel": "1",
                                "skillType": "預測式生產",
                                "radarLevelCount": 1,
                                "radarLevelTotalCount": 2,
                                "radarLevelPercent": 50
                            },
                            {
                                "skillLevel": "1",
                                "skillType": "自動化設備開發",
                                "radarLevelCount": 1,
                                "radarLevelTotalCount": 2,
                                "radarLevelPercent": 50
                            }
                        ],
                        "pyramid": [
                            {
                                "skillLevel": "1",
                                "personLevelCount": 2,
                                "personCount": 2,
                                "personLevelPercent": 100
                            }
                        ]
                    },
                    {
                        "bossNo": "0651094",
                        "empNo": null,
                        "empName": "黃國基",
                        "orgId": "MC5EI2",
                        "bossLevel": "30",
                        "subOrg": [],
                        "radars": [
                            {
                                "skillLevel": "1",
                                "skillType": "預測式生產",
                                "radarLevelCount": 2,
                                "radarLevelTotalCount": 4,
                                "radarLevelPercent": 50
                            },
                            {
                                "skillLevel": "1",
                                "skillType": "機台設備預警",
                                "radarLevelCount": 1,
                                "radarLevelTotalCount": 4,
                                "radarLevelPercent": 25
                            },
                            {
                                "skillLevel": "1",
                                "skillType": "智控中心",
                                "radarLevelCount": 1,
                                "radarLevelTotalCount": 4,
                                "radarLevelPercent": 25
                            }
                        ],
                        "pyramid": [
                            {
                                "skillLevel": "1",
                                "personLevelCount": 4,
                                "personCount": 4,
                                "personLevelPercent": 100
                            }
                        ]
                    }
                ],
                "radars": [],
                "pyramid": []
            },
            {
                "bossNo": "0151042",
                "empNo": null,
                "empName": "李昆霖",
                "orgId": "MC5EM0",
                "bossLevel": "20",
                "subOrg": [
                    {
                        "bossNo": "0248113",
                        "empNo": null,
                        "empName": "王俊偉",
                        "orgId": "MC5EM1",
                        "bossLevel": "30",
                        "subOrg": [],
                        "radars": [
                            {
                                "skillLevel": "1",
                                "skillType": "自動化設備開發",
                                "radarLevelCount": 1,
                                "radarLevelTotalCount": 3,
                                "radarLevelPercent": 33.3
                            },
                            {
                                "skillLevel": "1",
                                "skillType": "預測式生產",
                                "radarLevelCount": 1,
                                "radarLevelTotalCount": 3,
                                "radarLevelPercent": 33.3
                            },
                            {
                                "skillLevel": "1",
                                "skillType": "智控中心",
                                "radarLevelCount": 1,
                                "radarLevelTotalCount": 3,
                                "radarLevelPercent": 33.3
                            }
                        ],
                        "pyramid": [
                            {
                                "skillLevel": "0",
                                "personLevelCount": 1,
                                "personCount": 4,
                                "personLevelPercent": 25
                            },
                            {
                                "skillLevel": "1",
                                "personLevelCount": 3,
                                "personCount": 4,
                                "personLevelPercent": 75
                            }
                        ]
                    },
                    {
                        "bossNo": "0245070",
                        "empNo": null,
                        "empName": "黃聖文",
                        "orgId": "MC5EM2",
                        "bossLevel": "30",
                        "subOrg": [],
                        "radars": [
                            {
                                "skillLevel": "1",
                                "skillType": "預測式生產",
                                "radarLevelCount": 1,
                                "radarLevelTotalCount": 3,
                                "radarLevelPercent": 33.3
                            },
                            {
                                "skillLevel": "1",
                                "skillType": "廠務建廠",
                                "radarLevelCount": 2,
                                "radarLevelTotalCount": 3,
                                "radarLevelPercent": 66.7
                            }
                        ],
                        "pyramid": [
                            {
                                "skillLevel": "1",
                                "personLevelCount": 3,
                                "personCount": 3,
                                "personLevelPercent": 100
                            }
                        ]
                    },
                    {
                        "bossNo": "0342020",
                        "empNo": null,
                        "empName": "蔡沛潔",
                        "orgId": "MC5EM3",
                        "bossLevel": "30",
                        "subOrg": [],
                        "radars": [],
                        "pyramid": []
                    }
                ],
                "radars": [],
                "pyramid": []
            },
            {
                "bossNo": "0844093",
                "empNo": null,
                "empName": "蘇士博",
                "orgId": "MC5EP0",
                "bossLevel": "20",
                "subOrg": [
                    {
                        "bossNo": "0947022",
                        "empNo": null,
                        "empName": "李慶昌",
                        "orgId": "MC5EP1",
                        "bossLevel": "30",
                        "subOrg": [],
                        "radars": [],
                        "pyramid": []
                    },
                    {
                        "bossNo": "0849334",
                        "empNo": null,
                        "empName": "李俊良",
                        "orgId": "MC5EP2",
                        "bossLevel": "30",
                        "subOrg": [],
                        "radars": [],
                        "pyramid": []
                    },
                    {
                        "bossNo": "0945005",
                        "empNo": null,
                        "empName": "郭哲廷",
                        "orgId": "MC5EP3",
                        "bossLevel": "30",
                        "subOrg": [],
                        "radars": [],
                        "pyramid": []
                    }
                ],
                "radars": [],
                "pyramid": []
            }
        ],
        "radars": [],
        "pyramid": []
    },
    {
        "bossNo": "1046273",
        "empNo": null,
        "empName": "彭子洋",
        "orgId": "MC6C00",
        "bossLevel": "15",
        "subOrg": [
            {
                "bossNo": "0551306",
                "empNo": null,
                "empName": "白一鋒",
                "orgId": "MC6C01",
                "bossLevel": "30",
                "subOrg": [],
                "radars": [],
                "pyramid": []
            },
            {
                "bossNo": "0151031",
                "empNo": null,
                "empName": "黃建銘",
                "orgId": "MC6CM0",
                "bossLevel": "20",
                "subOrg": [
                    {
                        "bossNo": "0151040",
                        "empNo": null,
                        "empName": "郭全興",
                        "orgId": "MC6CM1",
                        "bossLevel": "30",
                        "subOrg": [],
                        "radars": [],
                        "pyramid": []
                    },
                    {
                        "bossNo": "0151032",
                        "empNo": null,
                        "empName": "盧威文",
                        "orgId": "MC6CM2",
                        "bossLevel": "30",
                        "subOrg": [],
                        "radars": [],
                        "pyramid": []
                    }
                ],
                "radars": [],
                "pyramid": []
            },
            {
                "bossNo": "0151034",
                "empNo": null,
                "empName": "謝佰宏",
                "orgId": "MC6CP0",
                "bossLevel": "20",
                "subOrg": [
                    {
                        "bossNo": "0543112",
                        "empNo": null,
                        "empName": "李國陽",
                        "orgId": "MC6CP1",
                        "bossLevel": "30",
                        "subOrg": [],
                        "radars": [],
                        "pyramid": []
                    },
                    {
                        "bossNo": "0347147",
                        "empNo": null,
                        "empName": "曾裕山",
                        "orgId": "MC6CP2",
                        "bossLevel": "30",
                        "subOrg": [],
                        "radars": [],
                        "pyramid": []
                    },
                    {
                        "bossNo": "0843023",
                        "empNo": null,
                        "empName": "許正雄",
                        "orgId": "MC6CP3",
                        "bossLevel": "30",
                        "subOrg": [],
                        "radars": [],
                        "pyramid": [
                            {
                                "skillLevel": "0",
                                "personLevelCount": 1,
                                "personCount": 1,
                                "personLevelPercent": 100
                            }
                        ]
                    }
                ],
                "radars": [],
                "pyramid": []
            }
        ],
        "radars": [],
        "pyramid": []
    },
    {
        "bossNo": "0846230",
        "empNo": null,
        "empName": "王燕亭",
        "orgId": "MCF0A0",
        "bossLevel": "20",
        "subOrg": [
            {
                "bossNo": "1451092",
                "empNo": null,
                "empName": "林奇禾",
                "orgId": "MCF0A1",
                "bossLevel": "30",
                "subOrg": [],
                "radars": [],
                "pyramid": []
            },
            {
                "bossNo": "0848327",
                "empNo": null,
                "empName": "陳啟帆",
                "orgId": "MCF0A2",
                "bossLevel": "30",
                "subOrg": [],
                "radars": [],
                "pyramid": []
            },
            {
                "bossNo": "0550285",
                "empNo": null,
                "empName": "伍國禎",
                "orgId": "MCF0A3",
                "bossLevel": "30",
                "subOrg": [],
                "radars": [],
                "pyramid": []
            }
        ],
        "radars": [],
        "pyramid": []
    },
    {
        "bossNo": "0847259",
        "empNo": null,
        "empName": "林政勳",
        "orgId": "MCF0B0",
        "bossLevel": "20",
        "subOrg": [
            {
                "bossNo": "0745057",
                "empNo": null,
                "empName": "林舜賢",
                "orgId": "MCF0B1",
                "bossLevel": "30",
                "subOrg": [],
                "radars": [],
                "pyramid": []
            },
            {
                "bossNo": "0849336",
                "empNo": null,
                "empName": "邱家乾",
                "orgId": "MCF0B2",
                "bossLevel": "30",
                "subOrg": [],
                "radars": [],
                "pyramid": []
            },
            {
                "bossNo": "0244023",
                "empNo": null,
                "empName": "盧立人",
                "orgId": "MCF0B3",
                "bossLevel": "30",
                "subOrg": [],
                "radars": [],
                "pyramid": []
            },
            {
                "bossNo": "0347143",
                "empNo": null,
                "empName": "林宏生",
                "orgId": "MCF0B4",
                "bossLevel": "30",
                "subOrg": [],
                "radars": [],
                "pyramid": []
            }
        ],
        "radars": [],
        "pyramid": []
    }
]