{
	"info": {
		"_postman_id": "ff7977bc-8b2d-45b2-b9d6-3092a1b9c04a",
		"name": "PHM Offline",
		"schema": "https://schema.getpostman.com/json/collection/v2.1.0/collection.json"
	},
	"item": [
		{
			"name": "Project",
			"item": [
				{
					"name": "project_get_(Filter)",
					"protocolProfileBehavior": {
						"disableBodyPruning": true
					},
					"request": {
						"method": "GET",
						"header": [
							{
								"key": "Content-Type",
								"name": "Content-Type",
								"value": "application/x-www-form-urlencoded",
								"type": "text"
							}
						],
						"body": {
							"mode": "urlencoded",
							"urlencoded": [],
							"options": {
								"raw": {
									"language": "json"
								}
							}
						},
						"url": {
							"raw": "{{webapi_domain}}/project",
							"host": [
								"{{webapi_domain}}"
							],
							"path": [
								"project"
							],
							"query": [
								{
									"key": "fab",
									"value": "L6A",
									"disabled": true
								},
								{
									"key": "application",
									"value": "Robot",
									"disabled": true
								},
								{
									"key": "stage",
									"value": "Array",
									"disabled": true
								},
								{
									"key": "keyword",
									"value": null,
									"disabled": true
								},
								{
									"key": "func",
									"value": null,
									"disabled": true
								},
								{
									"key": "data_source",
									"value": "continuous",
									"disabled": true
								}
							]
						}
					},
					"response": []
				},
				{
					"name": "Project_Get_(ByID)",
					"protocolProfileBehavior": {
						"disableBodyPruning": true
					},
					"request": {
						"method": "GET",
						"header": [
							{
								"key": "Content-Type",
								"name": "Content-Type",
								"value": "application/x-www-form-urlencoded",
								"type": "text"
							}
						],
						"body": {
							"mode": "urlencoded",
							"urlencoded": [],
							"options": {
								"raw": {
									"language": "json"
								}
							}
						},
						"url": {
							"raw": "{{webapi_domain}}/project?project_id=926",
							"host": [
								"{{webapi_domain}}"
							],
							"path": [
								"project"
							],
							"query": [
								{
									"key": "project_id",
									"value": "926"
								}
							]
						}
					},
					"response": []
				},
				{
					"name": "Project_Post",
					"request": {
						"method": "POST",
						"header": [
							{
								"key": "Content-Type",
								"name": "Content-Type",
								"value": "application/json",
								"type": "text"
							}
						],
						"body": {
							"mode": "raw",
							"raw": "{\n    \"project_id\": null,\n    \"project_name\": \"test_phm\",\n    \"model_type\": \"anomaly_detection\",\n    \"application\": \"Robot\",\n    \"fab\": \"L5C\",\n    \"stage\": \"Array\",\n    \"func\": \"PHOTO\",\n    \"section\": \"PVD\",\n    \"tool_type\": \"Robot_LD\",\n    \"tool_chamber_list\": [\n        {\n            \"tool\": \"IEX200\",\n            \"chamber\": \"AXI_Z\"\n        }\n    ]\n}",
							"options": {
								"raw": {
									"language": "json"
								}
							}
						},
						"url": {
							"raw": "{{webapi_domain}}/project",
							"host": [
								"{{webapi_domain}}"
							],
							"path": [
								"project"
							]
						}
					},
					"response": []
				},
				{
					"name": "Project  Tool Chamber List",
					"protocolProfileBehavior": {
						"disableBodyPruning": true
					},
					"request": {
						"method": "GET",
						"header": [
							{
								"key": "Content-Type",
								"name": "Content-Type",
								"value": "application/x-www-form-urlencoded",
								"type": "text"
							}
						],
						"body": {
							"mode": "urlencoded",
							"urlencoded": [],
							"options": {
								"raw": {
									"language": "json"
								}
							}
						},
						"url": {
							"raw": "{{webapi_domain}}/project_tool_chamber_list?model_id=926",
							"host": [
								"{{webapi_domain}}"
							],
							"path": [
								"project_tool_chamber_list"
							],
							"query": [
								{
									"key": "model_id",
									"value": "926"
								}
							]
						}
					},
					"response": []
				},
				{
					"name": "Project_Delete",
					"request": {
						"method": "DELETE",
						"header": [
							{
								"key": "Content-Type",
								"name": "Content-Type",
								"value": "application/json",
								"type": "text"
							}
						],
						"body": {
							"mode": "raw",
							"raw": "{\n\t\"project_id\":[],\n\t\"model_id\":[]\n}",
							"options": {
								"raw": {
									"language": "json"
								}
							}
						},
						"url": {
							"raw": "{{webapi_domain}}/project",
							"host": [
								"{{webapi_domain}}"
							],
							"path": [
								"project"
							]
						}
					},
					"response": []
				}
			]
		},
		{
			"name": "Data",
			"item": [
				{
					"name": "Data Collection",
					"request": {
						"method": "GET",
						"header": [],
						"url": {
							"raw": "{{webapi_domain}}/data/collection?model_id=312",
							"host": [
								"{{webapi_domain}}"
							],
							"path": [
								"data",
								"collection"
							],
							"query": [
								{
									"key": "model_id",
									"value": "312"
								}
							]
						}
					},
					"response": []
				},
				{
					"name": "Data Upload Sensor Rich",
					"request": {
						"method": "POST",
						"header": [
							{
								"key": "Content-Type",
								"name": "Content-Type",
								"value": "application/json",
								"type": "text"
							}
						],
						"body": {
							"mode": "formdata",
							"formdata": [
								{
									"key": "model_id",
									"value": "389"
								},
								{
									"key": "tool",
									"value": "AAIEX300",
									"type": "text"
								},
								{
									"key": "chamber",
									"value": "LC_DRY",
									"type": "text"
								},
								{
									"key": "data_type",
									"value": "SensorRich",
									"description": "SensorRich\nFeature",
									"type": "text"
								},
								{
									"key": "label",
									"value": "OK",
									"description": "NG",
									"type": "text"
								},
								{
									"key": "machine_part",
									"value": "",
									"description": "Motor",
									"type": "text"
								},
								{
									"key": "file_1",
									"type": "file",
									"src": "/C:/Users/samwuares/docs/phm/phm_offline/L5C_PHM_OFF_Line_Test/IEXH00IF_NG/NG_Vibration_19-05-08_0941.tdms.csv_0.csv"
								},
								{
									"key": "file_2",
									"type": "file",
									"src": "/C:/Users/samwuares/docs/phm/ABIEXH00IF_RR_20191105_015407_1659 - 複製.csv",
									"disabled": true
								},
								{
									"key": "file_3",
									"type": "file",
									"src": "/C:/Users/samwuares/docs/phm/phm_offline/new 5.csv",
									"disabled": true
								},
								{
									"key": "chunk_no",
									"value": "1",
									"type": "text"
								},
								{
									"key": "chunk_total",
									"value": "1",
									"type": "text"
								}
							],
							"options": {
								"raw": {
									"language": "json"
								}
							}
						},
						"url": {
							"raw": "{{webapi_domain}}/data",
							"host": [
								"{{webapi_domain}}"
							],
							"path": [
								"data"
							]
						}
					},
					"response": []
				},
				{
					"name": "Data Upload Feature",
					"request": {
						"method": "POST",
						"header": [
							{
								"key": "Content-Type",
								"name": "Content-Type",
								"value": "application/json",
								"type": "text"
							}
						],
						"body": {
							"mode": "formdata",
							"formdata": [
								{
									"key": "model_id",
									"value": "51"
								},
								{
									"key": "tool",
									"value": "AACLA200R",
									"type": "text"
								},
								{
									"key": "chamber",
									"value": "AXI_2_Z",
									"type": "text"
								},
								{
									"key": "data_type",
									"value": "Feature",
									"description": "SensorRich\nFeature",
									"type": "text"
								},
								{
									"key": "label",
									"value": "OK",
									"type": "text"
								},
								{
									"key": "label",
									"value": "NG",
									"type": "text",
									"disabled": true
								},
								{
									"key": "machine_part",
									"value": "",
									"type": "text"
								},
								{
									"key": "file_1",
									"type": "file",
									"src": "/C:/Users/samwuares/Desktop/PHM_test_data/PHM_test_data_20191213_anomaly_detection.csv"
								},
								{
									"key": "file_2",
									"type": "file",
									"src": [],
									"disabled": true
								},
								{
									"key": "chunk_no",
									"value": "1",
									"type": "text"
								},
								{
									"key": "chunk_total",
									"value": "1",
									"type": "text"
								}
							],
							"options": {
								"raw": {
									"language": "json"
								}
							}
						},
						"url": {
							"raw": "{{webapi_domain}}/data",
							"host": [
								"{{webapi_domain}}"
							],
							"path": [
								"data"
							]
						}
					},
					"response": []
				},
				{
					"name": "Delete DataColletion",
					"request": {
						"method": "DELETE",
						"header": [
							{
								"key": "Content-Type",
								"name": "Content-Type",
								"value": "application/json",
								"type": "text"
							}
						],
						"body": {
							"mode": "raw",
							"raw": "{\r\n    \"model_id\":69,\r\n    \"data_collection_info_id\": 33\r\n}",
							"options": {
								"raw": {
									"language": "json"
								}
							}
						},
						"url": {
							"raw": "{{webapi_domain}}/data",
							"host": [
								"{{webapi_domain}}"
							],
							"path": [
								"data"
							]
						}
					},
					"response": []
				},
				{
					"name": "Data TimeRange",
					"request": {
						"method": "GET",
						"header": [],
						"url": {
							"raw": "{{webapi_domain}}/data/time_range?model_id=5&tool=IEX201&chamber=AXI_Z",
							"host": [
								"{{webapi_domain}}"
							],
							"path": [
								"data",
								"time_range"
							],
							"query": [
								{
									"key": "model_id",
									"value": "5"
								},
								{
									"key": "tool",
									"value": "IEX201"
								},
								{
									"key": "chamber",
									"value": "AXI_Z"
								}
							]
						}
					},
					"response": []
				},
				{
					"name": "Data Get Preview",
					"request": {
						"method": "GET",
						"header": [],
						"url": {
							"raw": "{{webapi_domain}}/data?model_id=5&data_outlier_id=5&start_time=2019-10-01 20:49:00&end_time=2023-05-09 21:11:00",
							"host": [
								"{{webapi_domain}}"
							],
							"path": [
								"data"
							],
							"query": [
								{
									"key": "model_id",
									"value": "5"
								},
								{
									"key": "data_outlier_id",
									"value": "5",
									"description": "6"
								},
								{
									"key": "start_time",
									"value": "2019-10-01 20:49:00"
								},
								{
									"key": "end_time",
									"value": "2023-05-09 21:11:00"
								}
							]
						}
					},
					"response": []
				},
				{
					"name": "Data Update",
					"request": {
						"method": "PUT",
						"header": [],
						"body": {
							"mode": "raw",
							"raw": "{\r\n   \"model_id\":22,\r\n   \"data_list\":[{\r\n     \"data_id\":10008,\r\n     \"use\":false\r\n   },\r\n   {\r\n     \"data_id\":10009,\r\n     \"use\":false\r\n   }]\r\n}",
							"options": {
								"raw": {
									"language": "json"
								}
							}
						},
						"url": {
							"raw": "{{webapi_domain}}/data",
							"host": [
								"{{webapi_domain}}"
							],
							"path": [
								"data"
							]
						}
					},
					"response": []
				},
				{
					"name": "Get Data Collection Files",
					"request": {
						"method": "GET",
						"header": [],
						"url": {
							"raw": "{{webapi_domain}}/data/collection_files?model_id=5&data_collection_info_id=26",
							"host": [
								"{{webapi_domain}}"
							],
							"path": [
								"data",
								"collection_files"
							],
							"query": [
								{
									"key": "model_id",
									"value": "5"
								},
								{
									"key": "data_collection_info_id",
									"value": "26"
								}
							]
						}
					},
					"response": []
				},
				{
					"name": "Detect File Data Type",
					"request": {
						"method": "POST",
						"header": [],
						"body": {
							"mode": "formdata",
							"formdata": [
								{
									"key": "file",
									"type": "file",
									"src": "/C:/Users/samwuares/docs/phm/L5C_PHM_OFF_Line_Test/IEX900IF_OK/NG_Vibration_19-04-29_1805.tdms.csv_0.csv",
									"disabled": true
								},
								{
									"key": "file",
									"type": "file",
									"src": "/C:/Users/samwuares/docs/phm/phm_offline_test_data_2020-02-11/Feature/ABIEXH00IF_1105_F_NG_Reducer/ABIEXH00IF_RR_20191105_015207_1659.csv",
									"disabled": true
								}
							],
							"options": {
								"raw": {
									"language": "json"
								}
							}
						},
						"url": {
							"raw": "{{webapi_domain}}/detect_file_data_type",
							"host": [
								"{{webapi_domain}}"
							],
							"path": [
								"detect_file_data_type"
							]
						}
					},
					"response": []
				}
			]
		},
		{
			"name": "Freqencey Transfor",
			"item": [
				{
					"name": "freqencey_get",
					"request": {
						"method": "GET",
						"header": [],
						"url": {
							"raw": "{{webapi_domain}}/frequency_transform?model_id=5",
							"host": [
								"{{webapi_domain}}"
							],
							"path": [
								"frequency_transform"
							],
							"query": [
								{
									"key": "model_id",
									"value": "5"
								}
							]
						}
					},
					"response": []
				},
				{
					"name": "freqencey/spectrum_list",
					"request": {
						"method": "GET",
						"header": [],
						"url": {
							"raw": "{{webapi_domain}}/frequency_transform/get_spectrum_list?model_id=5&project_id=5&tool=IEX201&chamber=AXI_Z&label_part=ok",
							"host": [
								"{{webapi_domain}}"
							],
							"path": [
								"frequency_transform",
								"get_spectrum_list"
							],
							"query": [
								{
									"key": "model_id",
									"value": "5"
								},
								{
									"key": "project_id",
									"value": "5"
								},
								{
									"key": "tool",
									"value": "IEX201"
								},
								{
									"key": "chamber",
									"value": "AXI_Z"
								},
								{
									"key": "label_part",
									"value": "ok"
								}
							]
						}
					},
					"response": []
				},
				{
					"name": "freqencey/preview",
					"request": {
						"method": "GET",
						"header": [],
						"url": {
							"raw": "{{webapi_domain}}/frequency_transform/preview?model_id=5&project_id=5&tool=IEX201&chamber=AXI_Z&parameter=S3&spectrum=psd&start_time=2019-07-02 20:48:00",
							"host": [
								"{{webapi_domain}}"
							],
							"path": [
								"frequency_transform",
								"preview"
							],
							"query": [
								{
									"key": "model_id",
									"value": "5"
								},
								{
									"key": "project_id",
									"value": "5"
								},
								{
									"key": "tool",
									"value": "IEX201"
								},
								{
									"key": "chamber",
									"value": "AXI_Z"
								},
								{
									"key": "parameter",
									"value": "S3"
								},
								{
									"key": "spectrum",
									"value": "psd"
								},
								{
									"key": "start_time",
									"value": "2019-07-02 20:48:00"
								}
							]
						}
					},
					"response": []
				}
			]
		},
		{
			"name": "Feature",
			"item": [
				{
					"name": "/spectrum_statistical/get_list",
					"request": {
						"method": "GET",
						"header": [],
						"url": {
							"raw": "{{webapi_domain}}/spectrum_statistical/get_list?model_id=5",
							"host": [
								"{{webapi_domain}}"
							],
							"path": [
								"spectrum_statistical",
								"get_list"
							],
							"query": [
								{
									"key": "model_id",
									"value": "5"
								}
							]
						}
					},
					"response": []
				},
				{
					"name": "/spectrum_statistical",
					"request": {
						"method": "GET",
						"header": [],
						"url": {
							"raw": "{{webapi_domain}}/spectrum_statistical?model_id=5&tool=IEX201&chamber=AXI_Z&parameter=S3&spectrum=psd&statistical=Var",
							"host": [
								"{{webapi_domain}}"
							],
							"path": [
								"spectrum_statistical"
							],
							"query": [
								{
									"key": "model_id",
									"value": "5"
								},
								{
									"key": "tool",
									"value": "IEX201"
								},
								{
									"key": "chamber",
									"value": "AXI_Z"
								},
								{
									"key": "parameter",
									"value": "S3"
								},
								{
									"key": "spectrum",
									"value": "psd"
								},
								{
									"key": "statistical",
									"value": "Var"
								}
							]
						}
					},
					"response": []
				},
				{
					"name": "/feature_engineering",
					"request": {
						"method": "POST",
						"header": [
							{
								"key": "Content-Type",
								"name": "Content-Type",
								"value": "application/json",
								"type": "text"
							}
						],
						"body": {
							"mode": "raw",
							"raw": "{\n    \"project_id\": \"389\",\n    \"model_id\": \"389\",\n    \"data\": {\n        \"feature_config\": [\n            {\n                \"parameter\": \"CT\",\n                \"spectrum\": [\n                    {\n                        \"item\": \"FFT\",\n                        \"spectrum_param\": {\n                            \"samplerate\": 4000,\n                            \"level\": 7\n                        },\n                        \"bin\": 10,\n                        \"statistical\": [\n                            \"Entropy\",\n                            \"Std\",\n                            \"Var\",\n                            \"Rms\",\n                            \"Mean\",\n                            \"Skewness\",\n                            \"Kurtosis\",\n                            \"Quantile_5\",\n                            \"Quantile_25\",\n                            \"Quantile_50\",\n                            \"Quantile_75\",\n                            \"Quantile_95\"\n                        ]\n                    },\n                    {\n                        \"item\": \"Time_Domain\",\n                        \"spectrum_param\": {\n                            \"samplerate\": 4000,\n                            \"level\": 7\n                        },\n                        \"bin\": 10,\n                        \"statistical\": [\n                            \"Entropy\",\n                            \"Std\",\n                            \"Var\",\n                            \"Rms\",\n                            \"Mean\",\n                            \"Skewness\",\n                            \"Kurtosis\",\n                            \"Quantile_5\",\n                            \"Quantile_25\",\n                            \"Quantile_50\",\n                            \"Quantile_75\",\n                            \"Quantile_95\"\n                        ]\n                    }\n                ]\n            },\n            {\n                \"parameter\": \"Vibration\",\n                \"spectrum\": []\n            }\n        ],\n        \"n_clustering\": 3\n    }\n}",
							"options": {
								"raw": {
									"language": "json"
								}
							}
						},
						"url": {
							"raw": "{{webapi_domain}}/feature_engineering",
							"host": [
								"{{webapi_domain}}"
							],
							"path": [
								"feature_engineering"
							]
						}
					},
					"response": []
				}
			]
		},
		{
			"name": "Data Labeling",
			"item": [
				{
					"name": "Get Data Labeling",
					"request": {
						"method": "GET",
						"header": [],
						"url": {
							"raw": "{{webapi_domain}}/data_labeling?model_id=220&n_clustering=2",
							"host": [
								"{{webapi_domain}}"
							],
							"path": [
								"data_labeling"
							],
							"query": [
								{
									"key": "model_id",
									"value": "220"
								},
								{
									"key": "n_clustering",
									"value": "2"
								}
							]
						}
					},
					"response": []
				}
			]
		},
		{
			"name": "Data Process",
			"item": [
				{
					"name": "Get Split Data Info",
					"request": {
						"method": "GET",
						"header": [],
						"url": {
							"raw": "{{webapi_domain}}/split_data?model_id=926",
							"host": [
								"{{webapi_domain}}"
							],
							"path": [
								"split_data"
							],
							"query": [
								{
									"key": "model_id",
									"value": "926"
								}
							]
						}
					},
					"response": []
				},
				{
					"name": "Upsert Split Data Info",
					"request": {
						"method": "PUT",
						"header": [
							{
								"key": "Content-Type",
								"name": "Content-Type",
								"value": "application/json",
								"type": "text"
							}
						],
						"body": {
							"mode": "raw",
							"raw": "{\n    \"model_id\": 926,\n    \"ratio\": 0.2,\n    \"method\": \"time_series\"\n}",
							"options": {
								"raw": {
									"language": "json"
								}
							}
						},
						"url": {
							"raw": "{{webapi_domain}}/split_data",
							"host": [
								"{{webapi_domain}}"
							],
							"path": [
								"split_data"
							]
						}
					},
					"response": []
				},
				{
					"name": "Get XDI Label",
					"request": {
						"method": "GET",
						"header": [],
						"url": {
							"raw": "{{webapi_domain}}/xdi/label?model_id=5",
							"host": [
								"{{webapi_domain}}"
							],
							"path": [
								"xdi",
								"label"
							],
							"query": [
								{
									"key": "model_id",
									"value": "5"
								}
							]
						}
					},
					"response": []
				},
				{
					"name": "Get XDI Tool Chamber",
					"request": {
						"method": "GET",
						"header": [],
						"url": {
							"raw": "{{webapi_domain}}/xdi/tool_chamber?model_id=777&label_part=ng_motor",
							"host": [
								"{{webapi_domain}}"
							],
							"path": [
								"xdi",
								"tool_chamber"
							],
							"query": [
								{
									"key": "model_id",
									"value": "777"
								},
								{
									"key": "label_part",
									"value": "ng_motor"
								}
							]
						}
					},
					"response": []
				},
				{
					"name": "Get XDI",
					"protocolProfileBehavior": {
						"disableBodyPruning": true
					},
					"request": {
						"method": "GET",
						"header": [],
						"body": {
							"mode": "raw",
							"raw": "",
							"options": {
								"raw": {
									"language": "json"
								}
							}
						},
						"url": {
							"raw": "{{webapi_domain}}/xdi?model_id=777&tool=IEX300&chamber=AXI_X&label_part=ng_motor",
							"host": [
								"{{webapi_domain}}"
							],
							"path": [
								"xdi"
							],
							"query": [
								{
									"key": "model_id",
									"value": "777"
								},
								{
									"key": "tool",
									"value": "IEX300"
								},
								{
									"key": "chamber",
									"value": "AXI_X"
								},
								{
									"key": "label_part",
									"value": "ng_motor"
								}
							]
						}
					},
					"response": []
				},
				{
					"name": "Update Offline Model Status Copy",
					"request": {
						"method": "PUT",
						"header": [
							{
								"key": "Content-Type",
								"name": "Content-Type",
								"value": "application/json",
								"type": "text"
							}
						],
						"body": {
							"mode": "raw",
							"raw": "{\n    \"model_id\": 926,\n    \"offline_model_status\": 700\n}",
							"options": {
								"raw": {
									"language": "json"
								}
							}
						},
						"url": {
							"raw": "{{webapi_domain}}/model_training",
							"host": [
								"{{webapi_domain}}"
							],
							"path": [
								"model_training"
							]
						}
					},
					"response": []
				}
			]
		},
		{
			"name": "Feature Selection",
			"item": [
				{
					"name": "/feature_selection",
					"request": {
						"method": "GET",
						"header": [],
						"url": {
							"raw": "{{webapi_domain}}/feature_selection?model_id=926",
							"host": [
								"{{webapi_domain}}"
							],
							"path": [
								"feature_selection"
							],
							"query": [
								{
									"key": "model_id",
									"value": "926"
								}
							]
						}
					},
					"response": []
				},
				{
					"name": "/feature_selection",
					"request": {
						"method": "POST",
						"header": [
							{
								"key": "Content-Type",
								"name": "Content-Type",
								"value": "application/json",
								"type": "text"
							}
						],
						"body": {
							"mode": "raw",
							"raw": "{\n    \"model_id\": 926,\n    \"method\": \"Variance\",\n    \"method_para\": 20\n}",
							"options": {
								"raw": {
									"language": "json"
								}
							}
						},
						"url": {
							"raw": "{{webapi_domain}}/feature_selection",
							"host": [
								"{{webapi_domain}}"
							],
							"path": [
								"feature_selection"
							]
						}
					},
					"response": []
				}
			]
		},
		{
			"name": "Modeling",
			"item": [
				{
					"name": "Preview Modeling Result",
					"request": {
						"method": "GET",
						"header": [],
						"url": {
							"raw": "{{webapi_domain}}/modeling?model_id=389",
							"host": [
								"{{webapi_domain}}"
							],
							"path": [
								"modeling"
							],
							"query": [
								{
									"key": "model_id",
									"value": "389",
									"description": "777\n778\n779"
								}
							]
						}
					},
					"response": []
				},
				{
					"name": "Get Edge Feature Engineering Info",
					"request": {
						"method": "GET",
						"header": [],
						"url": {
							"raw": "{{webapi_domain}}/download_edge_feature_engineering_info?model_id=250",
							"host": [
								"{{webapi_domain}}"
							],
							"path": [
								"download_edge_feature_engineering_info"
							],
							"query": [
								{
									"key": "model_id",
									"value": "250"
								}
							]
						}
					},
					"response": []
				},
				{
					"name": "/modeling",
					"request": {
						"method": "POST",
						"header": [
							{
								"key": "Content-Type",
								"name": "Content-Type",
								"value": "application/json",
								"type": "text"
							}
						],
						"body": {
							"mode": "raw",
							"raw": "{\n    \"model_id\": 389,\n    \"method\": \"LOF\",\n    \"params\": {\n        \"n_neighbors\": 10\n    }\n}",
							"options": {
								"raw": {
									"language": "json"
								}
							}
						},
						"url": {
							"raw": "{{webapi_domain}}/modeling",
							"host": [
								"{{webapi_domain}}"
							],
							"path": [
								"modeling"
							]
						}
					},
					"response": []
				}
			]
		},
		{
			"name": "Common",
			"item": [
				{
					"name": "Get Tool Chamber",
					"request": {
						"method": "GET",
						"header": [],
						"url": {
							"raw": "{{webapi_domain}}/dropitem/tool_chamber?model_id=5",
							"host": [
								"{{webapi_domain}}"
							],
							"path": [
								"dropitem",
								"tool_chamber"
							],
							"query": [
								{
									"key": "model_id",
									"value": "5"
								}
							]
						}
					},
					"response": []
				},
				{
					"name": "Update Offline Model Status",
					"request": {
						"method": "PUT",
						"header": [
							{
								"key": "Content-Type",
								"name": "Content-Type",
								"value": "application/json",
								"type": "text"
							}
						],
						"body": {
							"mode": "raw",
							"raw": "{\n    \"model_id\": 926,\n    \"offline_model_status\": 700\n}",
							"options": {
								"raw": {
									"language": "json"
								}
							}
						},
						"url": {
							"raw": "{{webapi_domain}}/model_training",
							"host": [
								"{{webapi_domain}}"
							],
							"path": [
								"model_training"
							]
						}
					},
					"response": []
				},
				{
					"name": "GET Last Operation Result",
					"request": {
						"method": "GET",
						"header": [],
						"url": {
							"raw": "{{webapi_domain}}/last_operation_result?model_id=926",
							"host": [
								"{{webapi_domain}}"
							],
							"path": [
								"last_operation_result"
							],
							"query": [
								{
									"key": "model_id",
									"value": "926"
								}
							]
						}
					},
					"response": []
				}
			]
		},
		{
			"name": "Param",
			"item": [
				{
					"name": "Get Param List",
					"request": {
						"method": "GET",
						"header": [],
						"url": {
							"raw": "{{webapi_domain}}/data/param_list?model_id=5&project_id=5",
							"host": [
								"{{webapi_domain}}"
							],
							"path": [
								"data",
								"param_list"
							],
							"query": [
								{
									"key": "model_id",
									"value": "5"
								},
								{
									"key": "project_id",
									"value": "5"
								}
							]
						}
					},
					"response": []
				}
			]
		},
		{
			"name": "Online",
			"item": [
				{
					"name": "Offline to Online",
					"request": {
						"method": "POST",
						"header": [
							{
								"key": "Content-Type",
								"name": "Content-Type",
								"value": "application/json",
								"type": "text"
							}
						],
						"body": {
							"mode": "raw",
							"raw": "{\n    \"model_id\": 926,\n    \"alarm_notify_group_name_list\": [\n        \"AITEC_PHM\"\n    ],\n    \"user_id\": \"aa\"\n}",
							"options": {
								"raw": {
									"language": "json"
								}
							}
						},
						"url": {
							"raw": "{{webapi_domain}}/offline_to_online",
							"host": [
								"{{webapi_domain}}"
							],
							"path": [
								"offline_to_online"
							]
						}
					},
					"response": []
				},
				{
					"name": "Push Feature Data",
					"request": {
						"method": "POST",
						"header": [
							{
								"key": "Content-Type",
								"name": "Content-Type",
								"value": "application/json",
								"type": "text"
							}
						],
						"body": {
							"mode": "raw",
							"raw": "{\n    \"project_id_list\": [\n    \t389,\n    \t391,\n        392\n    ]\n}",
							"options": {
								"raw": {
									"language": "json"
								}
							}
						},
						"url": {
							"raw": "{{webapi_domain}}/push_feature_data",
							"host": [
								"{{webapi_domain}}"
							],
							"path": [
								"push_feature_data"
							]
						}
					},
					"response": []
				},
				{
					"name": "xxxDelete Online",
					"request": {
						"method": "DELETE",
						"header": [
							{
								"key": "Content-Type",
								"name": "Content-Type",
								"value": "application/json",
								"type": "text"
							}
						],
						"body": {
							"mode": "raw",
							"raw": "{\n    \"model_id\": 376\n}",
							"options": {
								"raw": {
									"language": "json"
								}
							}
						},
						"url": {
							"raw": "{{webapi_domain}}/online",
							"host": [
								"{{webapi_domain}}"
							],
							"path": [
								"online"
							]
						}
					},
					"response": []
				},
				{
					"name": "xxxDeploy to Online",
					"request": {
						"method": "POST",
						"header": [
							{
								"key": "Content-Type",
								"name": "Content-Type",
								"value": "application/json",
								"type": "text"
							}
						],
						"body": {
							"mode": "raw",
							"raw": "{\n    \"model_id\": 513\n}",
							"options": {
								"raw": {
									"language": "json"
								}
							}
						},
						"url": {
							"raw": "{{webapi_domain}}/online",
							"host": [
								"{{webapi_domain}}"
							],
							"path": [
								"online"
							]
						}
					},
					"response": []
				}
			]
		},
		{
			"name": "Phase 1, 2",
			"item": []
		},
		{
			"name": "xxx",
			"item": [
				{
					"name": "xxx freqencey_post",
					"request": {
						"method": "POST",
						"header": [
							{
								"key": "Content-Type",
								"name": "Content-Type",
								"value": "application/json",
								"type": "text"
							}
						],
						"body": {
							"mode": "raw",
							"raw": "{\n    \"project_id\": 5,\n    \"model_id\": 5,\n    \"data\": [\n        {\n            \"param\": \"S1\",\n            \"method\": \"fft\",\n            \"method_param\": {\n                \"samplerate\": 4000\n            }\n        },\n        {\n            \"param\": \"S2\",\n            \"method\": \"fft\",\n            \"method_param\": {\n                \"samplerate\": 4000\n            }\n        }\n    ]\n}",
							"options": {
								"raw": {
									"language": "json"
								}
							}
						},
						"url": {
							"raw": "{{webapi_domain}}/frequency_transform",
							"host": [
								"{{webapi_domain}}"
							],
							"path": [
								"frequency_transform"
							]
						}
					},
					"response": []
				},
				{
					"name": "xxx /spectrum_statistical",
					"request": {
						"method": "POST",
						"header": [
							{
								"key": "Content-Type",
								"name": "Content-Type",
								"value": "application/json",
								"type": "text"
							}
						],
						"body": {
							"mode": "raw",
							"raw": "{\r\n  \"project_id\":5,\r\n  \"model_id\":5,\r\n  \"data\":[{\r\n  \"spectrum_collection_info_id\":11,\r\n       \"parameter\":\"CT\",\r\n       \"spectrum\":\"psd\",\r\n       \"statistical\":[\"Var\",\"Std\"],\r\n       \"bin\":10\r\n   },\r\n{       \"spectrum_collection_info_id\":12,\r\n       \"parameter\":\"CT\",\r\n       \"spectrum\":\"fft\",\r\n     \"statistical\":[\"Mean\",\"Skewness\"],\r\n       \"bin\":10\r\n   }]\r\n}",
							"options": {
								"raw": {
									"language": "json"
								}
							}
						},
						"url": {
							"raw": "http://tcapcphmd01:8080/spectrum_statistical",
							"protocol": "http",
							"host": [
								"tcapcphmd01"
							],
							"port": "8080",
							"path": [
								"spectrum_statistical"
							]
						}
					},
					"response": []
				},
				{
					"name": "xxx Data Labeling Calc",
					"request": {
						"method": "POST",
						"header": [
							{
								"key": "Content-Type",
								"name": "Content-Type",
								"value": "application/json",
								"type": "text"
							}
						],
						"body": {
							"mode": "raw",
							"raw": "{\n    \"model_id\": 777,\n    \"n_clusters\": 2\n}",
							"options": {
								"raw": {
									"language": "json"
								}
							}
						},
						"url": {
							"raw": "{{webapi_domain}}/data_labeling/calc",
							"host": [
								"{{webapi_domain}}"
							],
							"path": [
								"data_labeling",
								"calc"
							]
						}
					},
					"response": []
				},
				{
					"name": "xxx XDI Calc",
					"request": {
						"method": "POST",
						"header": [
							{
								"key": "Content-Type",
								"name": "Content-Type",
								"value": "application/json",
								"type": "text"
							}
						],
						"body": {
							"mode": "raw",
							"raw": "{\n    \"model_id\": 5\n}",
							"options": {
								"raw": {
									"language": "json"
								}
							}
						},
						"url": {
							"raw": "{{webapi_domain}}/xdi/calc",
							"host": [
								"{{webapi_domain}}"
							],
							"path": [
								"xdi",
								"calc"
							]
						}
					},
					"response": []
				},
				{
					"name": "xxxUpdate XDI",
					"request": {
						"method": "PUT",
						"header": [
							{
								"key": "Content-Type",
								"name": "Content-Type",
								"value": "application/json",
								"type": "text"
							}
						],
						"body": {
							"mode": "raw",
							"raw": "{\r\n    \"model_id\": 777,\r\n    \"tool\": \"IEX300\",\r\n    \"chamber\": \"AXI_X\",\r\n    \"label_part\": \"ng_motor\",\r\n    \"data_list\": [\r\n        {\r\n            \"data_id\": 10171,\r\n            \"exclude\": true\r\n        },\r\n        {\r\n            \"data_id\": 10173,\r\n            \"exclude\": false\r\n        }\r\n    ]\r\n}",
							"options": {
								"raw": {
									"language": "json"
								}
							}
						},
						"url": {
							"raw": "{{webapi_domain}}/xdi",
							"host": [
								"{{webapi_domain}}"
							],
							"path": [
								"xdi"
							]
						}
					},
					"response": []
				}
			]
		},
		{
			"name": "Continuous (Phase 3)",
			"item": [
				{
					"name": "Project",
					"item": [
						{
							"name": "Create Continuous Project (Single Target)",
							"request": {
								"method": "POST",
								"header": [
									{
										"key": "Content-Type",
										"name": "Content-Type",
										"value": "application/json",
										"type": "text"
									}
								],
								"body": {
									"mode": "raw",
									"raw": "{\n    \"project_name\": \"sam_test_53_conti\",\n    \"user_empno\": \"tester_empno\",\n    \"user_depid\": \"tester_depid\",\n    \"user_email\": \"tester_email\",\n    \"model_type\": \"anomaly_detection\",\n    \"application\": \"Robot\",\n    \"data_source\": \"continuous\",\n    \"fab\": \"L6A\",\n    \"stage\": \"ARRAY\",\n    \"func\": \"PHOTO\",\n    \"tool_type\": \"TRACK\",\n    \"tool_chamber_list\": [\n        {\n            \"tool\": \"AAIEX100\",\n            \"chamber\": \"C1\",\n            \"real_chamber_list\": [\n                \"COATER\",\n                \"CLN_HIPUMP\"\n            ]\n        }\n    ]\n}",
									"options": {
										"raw": {
											"language": "json"
										}
									}
								},
								"url": {
									"raw": "{{webapi_domain}}/project",
									"host": [
										"{{webapi_domain}}"
									],
									"path": [
										"project"
									]
								}
							},
							"response": []
						},
						{
							"name": "Create Continuous Project (Multi Target) Copy",
							"request": {
								"method": "POST",
								"header": [
									{
										"key": "Content-Type",
										"name": "Content-Type",
										"value": "application/json",
										"type": "text"
									}
								],
								"body": {
									"mode": "raw",
									"raw": "{\n    \"project_name\": \"sam_test_52_conti\",\n    \"user_empno\": \"tester_empno\",\n    \"user_depid\": \"tester_depid\",\n    \"user_email\": \"tester_email\",\n    \"model_type\": \"anomaly_detection\",\n    \"application\": \"Robot\",\n    \"data_source\": \"continuous\",\n    \"fab\": \"L6A\",\n    \"stage\": \"ARRAY\",\n    \"func\": \"PHOTO\",\n    \"tool_type\": \"TRACK\",\n    \"tool_chamber_list\": [\n        {\n            \"tool\": \"AAIEX100\",\n            \"chamber\": \"C1\",\n            \"real_chamber_list\": [\n                \"COATER\"\n            ]\n        },\n        {\n            \"tool\": \"AAIEX200\",\n            \"chamber\": \"C2\",\n            \"real_chamber_list\": [\n                \"COATER\"\n            ]\n        }\n    ]\n}",
									"options": {
										"raw": {
											"language": "json"
										}
									}
								},
								"url": {
									"raw": "{{webapi_domain}}/project",
									"host": [
										"{{webapi_domain}}"
									],
									"path": [
										"project"
									]
								}
							},
							"response": []
						}
					]
				},
				{
					"name": "Parameter",
					"item": [
						{
							"name": "Get Continuous Available Parameter",
							"request": {
								"method": "GET",
								"header": [],
								"url": {
									"raw": "{{webapi_domain}}/continuous/available_parameter?model_id=926",
									"host": [
										"{{webapi_domain}}"
									],
									"path": [
										"continuous",
										"available_parameter"
									],
									"query": [
										{
											"key": "model_id",
											"value": "926"
										}
									]
								}
							},
							"response": []
						},
						{
							"name": "Get Continuous Acquisition Parameter",
							"request": {
								"method": "GET",
								"header": [],
								"url": {
									"raw": "{{webapi_domain}}/continuous/acquisition_parameter?model_id=926",
									"host": [
										"{{webapi_domain}}"
									],
									"path": [
										"continuous",
										"acquisition_parameter"
									],
									"query": [
										{
											"key": "model_id",
											"value": "926"
										}
									]
								}
							},
							"response": []
						},
						{
							"name": "Save Continuous Acquisition Parameter",
							"request": {
								"method": "POST",
								"header": [],
								"body": {
									"mode": "raw",
									"raw": "{\r\n    \"model_id\": 926,\r\n    \"chamber_list\": [\r\n        {\r\n                \"chamber\": \"COATER\",\r\n                \"parameter_list\": [\r\n                    \"RESIST_N2\",\r\n                    \"ESD_VOLTAGE\"\r\n                ]\r\n            },\r\n            {\r\n                \"chamber\": \"CLN_HIPUMP\",\r\n                \"parameter_list\": [\r\n                    \"CURRENT_AVG\"\r\n                ]\r\n            }\r\n    ],\r\n    \"acquisition_period\": {\r\n        \"start_datetime\": \"2020-09-22 00:00:00\",\r\n        \"end_datetime\": \"2020-09-23 22:00:00\"\r\n    }\r\n}",
									"options": {
										"raw": {
											"language": "json"
										}
									}
								},
								"url": {
									"raw": "{{webapi_domain}}/continuous/acquisition_parameter",
									"host": [
										"{{webapi_domain}}"
									],
									"path": [
										"continuous",
										"acquisition_parameter"
									]
								}
							},
							"response": []
						}
					]
				},
				{
					"name": "Imputation",
					"item": [
						{
							"name": "Get Continuous Preview",
							"request": {
								"method": "GET",
								"header": [],
								"url": {
									"raw": "{{webapi_domain}}/continuous/continuous_preview?model_id=926&tool_id=AAIEX100&chamber=CLN_HIPUMP&parameter=CURRENT_AVG&start_datetime=2020-09-23 00:00:00&end_datetime=2020-09-24 10:00:00",
									"host": [
										"{{webapi_domain}}"
									],
									"path": [
										"continuous",
										"continuous_preview"
									],
									"query": [
										{
											"key": "model_id",
											"value": "926"
										},
										{
											"key": "tool_id",
											"value": "AAIEX100"
										},
										{
											"key": "chamber",
											"value": "CLN_HIPUMP"
										},
										{
											"key": "parameter",
											"value": "CURRENT_AVG"
										},
										{
											"key": "start_datetime",
											"value": "2020-09-23 00:00:00"
										},
										{
											"key": "end_datetime",
											"value": "2020-09-24 10:00:00"
										}
									]
								}
							},
							"response": []
						},
						{
							"name": "Get Continuous Imputation Setting",
							"request": {
								"method": "GET",
								"header": [],
								"url": {
									"raw": "{{webapi_domain}}/continuous/imputation_setting?model_id=926",
									"host": [
										"{{webapi_domain}}"
									],
									"path": [
										"continuous",
										"imputation_setting"
									],
									"query": [
										{
											"key": "model_id",
											"value": "926"
										}
									]
								}
							},
							"response": []
						},
						{
							"name": "Save Continuous Imputation Setting",
							"request": {
								"method": "POST",
								"header": [],
								"body": {
									"mode": "raw",
									"raw": "{\r\n    \"model_id\": 926,\r\n    \"tool_chamber_list\": [\r\n        {\r\n            \"chamber\": \"COATER\",\r\n            \"parameter\": \"RESIST_N2\",\r\n            \"sampling_rate\": 0.1,\r\n            \"tool_id\": \"AAIEX100\"\r\n        },\r\n        {\r\n            \"chamber\": \"COATER\",\r\n            \"parameter\": \"ESD_VOLTAGE\",\r\n            \"sampling_rate\": 6,\r\n            \"tool_id\": \"AAIEX100\"\r\n        },\r\n        {\r\n            \"chamber\": \"CLN_HIPUMP\",\r\n            \"parameter\": \"CURRENT_AVG\",\r\n            \"sampling_rate\": 10,\r\n            \"tool_id\": \"AAIEX100\"\r\n        }\r\n    ]\r\n}",
									"options": {
										"raw": {
											"language": "json"
										}
									}
								},
								"url": {
									"raw": "{{webapi_domain}}/continuous/imputation_setting",
									"host": [
										"{{webapi_domain}}"
									],
									"path": [
										"continuous",
										"imputation_setting"
									]
								}
							},
							"response": []
						}
					]
				},
				{
					"name": "Segmentation",
					"item": [
						{
							"name": "Get Continuous Segmentation Setting",
							"request": {
								"method": "GET",
								"header": [],
								"url": {
									"raw": "{{webapi_domain}}/continuous/segmentation_setting?model_id=926",
									"host": [
										"{{webapi_domain}}"
									],
									"path": [
										"continuous",
										"segmentation_setting"
									],
									"query": [
										{
											"key": "model_id",
											"value": "926"
										}
									]
								}
							},
							"response": []
						},
						{
							"name": "Save Continuous Segmentation Setting",
							"request": {
								"method": "POST",
								"header": [],
								"body": {
									"mode": "raw",
									"raw": "{\r\n  \"model_id\": 926,\r\n  \"mode\": \"rolling\",\r\n  \"regular_hour\": 2,\r\n  \"rolling_hour\": 1\r\n}",
									"options": {
										"raw": {
											"language": "json"
										}
									}
								},
								"url": {
									"raw": "{{webapi_domain}}/continuous/segmentation_setting",
									"host": [
										"{{webapi_domain}}"
									],
									"path": [
										"continuous",
										"segmentation_setting"
									]
								}
							},
							"response": []
						},
						{
							"name": "Run Continuous Segmentation",
							"request": {
								"method": "PUT",
								"header": [
									{
										"key": "Content-Type",
										"name": "Content-Type",
										"type": "text",
										"value": "application/json"
									}
								],
								"body": {
									"mode": "raw",
									"raw": "{\n    \"model_id\": 926,\n    \"offline_model_status\": 1201\n}",
									"options": {
										"raw": {
											"language": "json"
										}
									}
								},
								"url": {
									"raw": "{{webapi_domain}}/model_training",
									"host": [
										"{{webapi_domain}}"
									],
									"path": [
										"model_training"
									]
								}
							},
							"response": []
						}
					]
				},
				{
					"name": "Data Filter",
					"item": [
						{
							"name": "Continuous Pre Raw Data Preview",
							"request": {
								"method": "GET",
								"header": [],
								"url": {
									"raw": "{{webapi_domain}}/continuous/pre_raw_data_preview?model_id=926&tool_id=AAIEX100&chamber=COATER&parameter=RESIST_N2",
									"host": [
										"{{webapi_domain}}"
									],
									"path": [
										"continuous",
										"pre_raw_data_preview"
									],
									"query": [
										{
											"key": "model_id",
											"value": "926"
										},
										{
											"key": "tool_id",
											"value": "AAIEX100"
										},
										{
											"key": "chamber",
											"value": "COATER"
										},
										{
											"key": "parameter",
											"value": "RESIST_N2"
										}
									]
								}
							},
							"response": []
						},
						{
							"name": "Continuous Data Filter",
							"request": {
								"method": "GET",
								"header": [],
								"url": {
									"raw": "{{webapi_domain}}/continuous/pre_raw_data_filter?model_id=926",
									"host": [
										"{{webapi_domain}}"
									],
									"path": [
										"continuous",
										"pre_raw_data_filter"
									],
									"query": [
										{
											"key": "model_id",
											"value": "926"
										}
									]
								}
							},
							"response": []
						},
						{
							"name": "Continuous Data Filter",
							"request": {
								"method": "POST",
								"header": [
									{
										"key": "Content-Type",
										"name": "Content-Type",
										"type": "text",
										"value": "application/json"
									}
								],
								"body": {
									"mode": "raw",
									"raw": "{\n    \"model_id\": 926,\n    \"tool_chamber_list\": [\n        {\n            \"tool_id\": \"AAIEX100\",\n            \"chamber\": \"CLN_HIPUMP\",\n            \"main_parameter\": \"RESIST_N2\",\n            \"idle_define\": [\n                {\n                    \"value_compare_symbol\": \"<\",\n                    \"value\": 160\n                }\n            ],\n            \"data_filter\": [\n                {\n                    \"parameter\": \"RESIST_N2\",\n                    \"parameter_value_filter\": [\n                        {\n                            \"value_compare_symbol\": \">\",\n                            \"value\": 170\n                        }\n                    ]\n                }\n            ]\n        }\n    ]\n}",
									"options": {
										"raw": {
											"language": "json"
										}
									}
								},
								"url": {
									"raw": "{{webapi_domain}}/continuous/pre_raw_data_filter",
									"host": [
										"{{webapi_domain}}"
									],
									"path": [
										"continuous",
										"pre_raw_data_filter"
									]
								}
							},
							"response": []
						},
						{
							"name": "Run Continuous Data Filter",
							"request": {
								"method": "PUT",
								"header": [
									{
										"key": "Content-Type",
										"name": "Content-Type",
										"type": "text",
										"value": "application/json"
									}
								],
								"body": {
									"mode": "raw",
									"raw": "{\n    \"model_id\": 926,\n    \"offline_model_status\": 1301\n}",
									"options": {
										"raw": {
											"language": "json"
										}
									}
								},
								"url": {
									"raw": "{{webapi_domain}}/model_training",
									"host": [
										"{{webapi_domain}}"
									],
									"path": [
										"model_training"
									]
								}
							},
							"response": []
						}
					]
				},
				{
					"name": "Feature Engineering",
					"item": [
						{
							"name": "Get Continuous Feature Engineering",
							"request": {
								"method": "GET",
								"header": [],
								"url": {
									"raw": "{{webapi_domain}}/continuous/feature_engineering?model_id=926",
									"host": [
										"{{webapi_domain}}"
									],
									"path": [
										"continuous",
										"feature_engineering"
									],
									"query": [
										{
											"key": "model_id",
											"value": "926"
										}
									]
								}
							},
							"response": []
						},
						{
							"name": "Update Continuous Feature Engineering",
							"request": {
								"method": "POST",
								"header": [
									{
										"key": "Content-Type",
										"name": "Content-Type",
										"type": "text",
										"value": "application/json"
									}
								],
								"body": {
									"mode": "raw",
									"raw": "{\n    \"model_id\": 926,\n    \"feature_config\": [\n        {\n            \"spectrum\": [\n                {\n                    \"statistical\": [\n                        \"Entropy\",\n                        \"Std\",\n                        \"Var\",\n                        \"Rms\",\n                        \"Mean\",\n                        \"Skewness\",\n                        \"Kurtosis\",\n                        \"Quantile_5\",\n                        \"Quantile_25\",\n                        \"Quantile_50\",\n                        \"Quantile_75\",\n                        \"Quantile_95\",\n                        \"Max\",\n                        \"Min\",\n                        \"Max_Min\",\n                        \"Crest\",\n                        \"Clearance\",\n                        \"Shape\",\n                        \"Impulse\"\n                    ]\n                }\n            ]\n        }\n    ]\n}",
									"options": {
										"raw": {
											"language": "json"
										}
									}
								},
								"url": {
									"raw": "{{webapi_domain}}/continuous/feature_engineering",
									"host": [
										"{{webapi_domain}}"
									],
									"path": [
										"continuous",
										"feature_engineering"
									]
								}
							},
							"response": []
						},
						{
							"name": "Update Offline Model Status Copy",
							"request": {
								"method": "PUT",
								"header": [
									{
										"key": "Content-Type",
										"name": "Content-Type",
										"type": "text",
										"value": "application/json"
									}
								],
								"body": {
									"mode": "raw",
									"raw": "{\n    \"model_id\": 926,\n    \"offline_model_status\": 1401\n}",
									"options": {
										"raw": {
											"language": "json"
										}
									}
								},
								"url": {
									"raw": "{{webapi_domain}}/model_training",
									"host": [
										"{{webapi_domain}}"
									],
									"path": [
										"model_training"
									]
								}
							},
							"response": []
						}
					]
				},
				{
					"name": "Data Labeling",
					"item": [
						{
							"name": "Get Continuous Parameter",
							"request": {
								"method": "GET",
								"header": [],
								"url": {
									"raw": "{{webapi_domain}}/continuous/feature_preview?model_id=926&tool_id=AAIEX100&chamber=CLN_HIPUMP&parameter=CURRENT_AVG&statistic=Rms",
									"host": [
										"{{webapi_domain}}"
									],
									"path": [
										"continuous",
										"feature_preview"
									],
									"query": [
										{
											"key": "model_id",
											"value": "926"
										},
										{
											"key": "tool_id",
											"value": "AAIEX100"
										},
										{
											"key": "chamber",
											"value": "CLN_HIPUMP"
										},
										{
											"key": "parameter",
											"value": "CURRENT_AVG"
										},
										{
											"key": "statistic",
											"value": "Rms"
										}
									]
								}
							},
							"response": []
						},
						{
							"name": "Get Continuous Labeling Info",
							"request": {
								"method": "GET",
								"header": [],
								"url": {
									"raw": "{{webapi_domain}}/continuous/labeling_info?model_id=926",
									"host": [
										"{{webapi_domain}}"
									],
									"path": [
										"continuous",
										"labeling_info"
									],
									"query": [
										{
											"key": "model_id",
											"value": "926"
										}
									]
								}
							},
							"response": []
						},
						{
							"name": "Update Continuous Feature Label",
							"request": {
								"method": "POST",
								"header": [
									{
										"key": "Content-Type",
										"name": "Content-Type",
										"type": "text",
										"value": "application/json"
									}
								],
								"body": {
									"mode": "raw",
									"raw": "{\n    \"model_id\": 926,\n    \"feature_label_list\": [\n        {\n            \"virtual_tool_chamber_data_id\": 526,\n            \"label\": \"NG\",\n            \"machine_part\": \"\",\n            \"statistic\": \"Rms\"\n        },\n        {\n            \"virtual_tool_chamber_data_id\": 527,\n            \"label\": \"NG\",\n            \"machine_part\": \"\",\n            \"statistic\": \"Rms\"\n        }\n    ]\n}",
									"options": {
										"raw": {
											"language": "json"
										}
									}
								},
								"url": {
									"raw": "{{webapi_domain}}/continuous/data_labeling",
									"host": [
										"{{webapi_domain}}"
									],
									"path": [
										"continuous",
										"data_labeling"
									]
								}
							},
							"response": []
						},
						{
							"name": "Reset Continuous Tool Label Info",
							"request": {
								"method": "POST",
								"header": [
									{
										"key": "Content-Type",
										"name": "Content-Type",
										"type": "text",
										"value": "application/json"
									}
								],
								"body": {
									"mode": "raw",
									"raw": "{\n    \"model_id\": 926,\n    \"tool_id\": \"AAIEX100\"\n}",
									"options": {
										"raw": {
											"language": "json"
										}
									}
								},
								"url": {
									"raw": "{{webapi_domain}}/continuous/reset_labeling_info",
									"host": [
										"{{webapi_domain}}"
									],
									"path": [
										"continuous",
										"reset_labeling_info"
									]
								}
							},
							"response": []
						}
					]
				}
			]
		},
		{
			"name": "Raw Data (Phase 4)",
			"item": [
				{
					"name": "Project",
					"item": [
						{
							"name": "Create Raw Data Project (Multi Target)",
							"request": {
								"method": "POST",
								"header": [
									{
										"key": "Content-Type",
										"name": "Content-Type",
										"type": "text",
										"value": "application/json"
									}
								],
								"body": {
									"mode": "raw",
									"raw": "{\n    \"project_name\": \"sam_test_60_rawdata\",\n    \"user_empno\": \"tester_empno\",\n    \"user_depid\": \"tester_depid\",\n    \"user_email\": \"tester_email\",\n    \"model_type\": \"anomaly_detection\",\n    \"application\": \"Robot\",\n    \"data_source\": \"raw_data\",\n    \"chamber_merge\": true,\n    \"fab\": \"L6A\",\n    \"stage\": \"ARRAY\",\n    \"func\": \"PHOTO\",\n    \"tool_type\": \"TRACK\",\n    \"tool_chamber_list\": [\n        {\n            \"tool\": \"AAIEX100\",\n            \"chamber\": \"C1\",\n            \"real_chamber_list\": [\n                \"COATER\",\n                \"CLN_HIPUMP\"\n            ]\n        },\n        {\n            \"tool\": \"AAIEX200\",\n            \"chamber\": \"C1\",\n            \"real_chamber_list\": [\n                \"COATER\"\n            ]\n        }\n    ]\n}",
									"options": {
										"raw": {
											"language": "json"
										}
									}
								},
								"url": {
									"raw": "{{webapi_domain}}/project",
									"host": [
										"{{webapi_domain}}"
									],
									"path": [
										"project"
									]
								}
							},
							"response": []
						}
					]
				},
				{
					"name": "Parameter",
					"item": [
						{
							"name": "Get Raw Data Available Parameter",
							"request": {
								"method": "GET",
								"header": [],
								"url": {
									"raw": "{{webapi_domain}}/raw_data/available_parameter?model_id=1535&start_datetime=2020-10-10 00:00:00&end_datetime=2020-10-15 00:00:00",
									"host": [
										"{{webapi_domain}}"
									],
									"path": [
										"raw_data",
										"available_parameter"
									],
									"query": [
										{
											"key": "model_id",
											"value": "1535"
										},
										{
											"key": "start_datetime",
											"value": "2020-10-10 00:00:00"
										},
										{
											"key": "end_datetime",
											"value": "2020-10-15 00:00:00"
										}
									]
								}
							},
							"response": []
						},
						{
							"name": "Get Raw Data Acquisition Parameter",
							"request": {
								"method": "GET",
								"header": [],
								"url": {
									"raw": "{{webapi_domain}}/raw_data/acquisition_parameter?model_id=1535",
									"host": [
										"{{webapi_domain}}"
									],
									"path": [
										"raw_data",
										"acquisition_parameter"
									],
									"query": [
										{
											"key": "model_id",
											"value": "1535"
										}
									]
								}
							},
							"response": []
						},
						{
							"name": "Save Raw Data Acquisition Parameter",
							"request": {
								"method": "POST",
								"header": [],
								"body": {
									"mode": "raw",
									"raw": "{\r\n    \"model_id\": 1535,\r\n    \"acquisition_period\": {\r\n        \"start_datetime\": \"2020-10-10 16:00:00\",\r\n        \"end_datetime\": \"2020-10-12 00:00:00\"\r\n    },\r\n    \"tool_list\": [\r\n        {\r\n            \"tool_id\": \"AAIEX200\",\r\n            \"virtual_chamber\": \"C1\",\r\n            \"chamber_list\": [\r\n                {\r\n                    \"chamber\": \"COATER\",\r\n                    \"recipe_list\": [\r\n                        {\r\n                            \"recipe\": \"011 611 011 011\",\r\n                            \"step_list\": [\r\n                                \"ALL\",\r\n                                \"1\",\r\n                                \"5\"\r\n                            ],\r\n                            \"parameter_list\": [\r\n                                \"ESD_VOLTAGE\",\r\n                                \"RESIST_PUMP\"\r\n                            ]\r\n                        }\r\n                    ]\r\n                }\r\n            ]\r\n        }\r\n    ]\r\n}",
									"options": {
										"raw": {
											"language": "json"
										}
									}
								},
								"url": {
									"raw": "{{webapi_domain}}/raw_data/acquisition_parameter",
									"host": [
										"{{webapi_domain}}"
									],
									"path": [
										"raw_data",
										"acquisition_parameter"
									]
								}
							},
							"response": []
						}
					]
				},
				{
					"name": "Data Filter",
					"item": [
						{
							"name": "Raw Data Data Filter",
							"request": {
								"method": "GET",
								"header": [],
								"url": {
									"raw": "{{webapi_domain}}/raw_data/data_filter?model_id=1535",
									"host": [
										"{{webapi_domain}}"
									],
									"path": [
										"raw_data",
										"data_filter"
									],
									"query": [
										{
											"key": "model_id",
											"value": "1535"
										}
									]
								}
							},
							"response": []
						},
						{
							"name": "Save Raw Data Data Filter",
							"request": {
								"method": "POST",
								"header": [
									{
										"key": "Content-Type",
										"name": "Content-Type",
										"type": "text",
										"value": "application/json"
									}
								],
								"body": {
									"mode": "raw",
									"raw": "{\n    \"model_id\": 1535,\n    \"filter_list\": [\n        {\n            \"tool_id\": \"AAIEX200\",\n            \"chamber\": \"COATER\",\n            \"virtual_chamber\": \"C1\",\n            \"recipe\": \"011 611 011 011\",\n            \"step\": \"ALL\",\n            \"parameter\": \"ESD_VOLTAGE\",\n            \"data_filter\": {\n                \"start_end\": 15,\n                \"x_diff\": 12,\n                \"data_length_diff\": 2\n            }\n        },\n        {\n            \"tool_id\": \"AAIEX200\",\n            \"chamber\": \"COATER\",\n            \"virtual_chamber\": \"C1\",\n            \"recipe\": \"011 611 011 011\",\n            \"step\": \"1\",\n            \"parameter\": \"ESD_VOLTAGE\",\n            \"data_filter\": {\n                \"start_end\": 15,\n                \"x_diff\": 12,\n                \"data_length_diff\": 2\n            }\n        }\n    ]\n}",
									"options": {
										"raw": {
											"language": "json"
										}
									}
								},
								"url": {
									"raw": "{{webapi_domain}}/raw_data/data_filter",
									"host": [
										"{{webapi_domain}}"
									],
									"path": [
										"raw_data",
										"data_filter"
									]
								}
							},
							"response": []
						},
						{
							"name": "Run Raw Data Data Filter",
							"request": {
								"method": "PUT",
								"header": [
									{
										"key": "Content-Type",
										"name": "Content-Type",
										"type": "text",
										"value": "application/json"
									}
								],
								"body": {
									"mode": "raw",
									"raw": "{\n    \"model_id\": 1535,\n    \"offline_model_status\": 2101\n}",
									"options": {
										"raw": {
											"language": "json"
										}
									}
								},
								"url": {
									"raw": "{{webapi_domain}}/model_training",
									"host": [
										"{{webapi_domain}}"
									],
									"path": [
										"model_training"
									]
								}
							},
							"response": []
						}
					]
				},
				{
					"name": "Feature Engineering",
					"item": [
						{
							"name": "Get Raw Data Feature Engineering",
							"request": {
								"method": "GET",
								"header": [],
								"url": {
									"raw": "{{webapi_domain}}/raw_data/feature_engineering?model_id=1535",
									"host": [
										"{{webapi_domain}}"
									],
									"path": [
										"raw_data",
										"feature_engineering"
									],
									"query": [
										{
											"key": "model_id",
											"value": "1535"
										}
									]
								}
							},
							"response": []
						},
						{
							"name": "Save Raw Data Feature Engineering",
							"request": {
								"method": "POST",
								"header": [
									{
										"key": "Content-Type",
										"name": "Content-Type",
										"type": "text",
										"value": "application/json"
									}
								],
								"body": {
									"mode": "raw",
									"raw": "{\n    \"model_id\": 1535,\n    \"feature_config\": [\n        {\n            \"chamber\": \"COATER\",\n            \"parameter_list\": [\n                {\n                    \"parameter\": \"ESD_VOLTAGE\",\n                    \"spectrum\": [\n                        {\n                            \"item\": \"Time_Domain\",\n                            \"step\": \"1\",\n                            \"statistical\": [\n                                \"Entropy\",\n                                \"Std\",\n                                \"Var\",\n                                \"Rms\",\n                                \"Mean\"\n                            ]\n                        }\n                    ]\n                },\n                {\n                    \"parameter\": \"RESIST_PUMP\",\n                    \"spectrum\": [\n                        {\n                            \"item\": \"Time_Domain\",\n                            \"step\": \"1\",\n                            \"statistical\": [\n                                \"Rms\",\n                                \"Mean\",\n                                \"Skewness\",\n                                \"Kurtosis\",\n                                \"Quantile_5\"\n                            ]\n                        }\n                    ]\n                }\n            ]\n        }\n    ]\n}",
									"options": {
										"raw": {
											"language": "json"
										}
									}
								},
								"url": {
									"raw": "{{webapi_domain}}/raw_data/feature_engineering",
									"host": [
										"{{webapi_domain}}"
									],
									"path": [
										"raw_data",
										"feature_engineering"
									]
								}
							},
							"response": []
						},
						{
							"name": "Run Raw Data Feature Engineering",
							"request": {
								"method": "PUT",
								"header": [
									{
										"key": "Content-Type",
										"name": "Content-Type",
										"type": "text",
										"value": "application/json"
									}
								],
								"body": {
									"mode": "raw",
									"raw": "{\n    \"model_id\": 1535,\n    \"offline_model_status\": 2201\n}",
									"options": {
										"raw": {
											"language": "json"
										}
									}
								},
								"url": {
									"raw": "{{webapi_domain}}/model_training",
									"host": [
										"{{webapi_domain}}"
									],
									"path": [
										"model_training"
									]
								}
							},
							"response": []
						}
					]
				}
			]
		},
		{
			"name": "http_test",
			"request": {
				"method": "POST",
				"header": [],
				"body": {
					"mode": "formdata",
					"formdata": [
						{
							"key": "f",
							"type": "file",
							"src": "/C:/Users/samwuares/Desktop/PHM_2020-01-09_SamWu.postman_collection.json"
						},
						{
							"key": "v",
							"type": "file",
							"src": "/C:/Users/samwuares/Desktop/test_scg.py"
						}
					],
					"options": {
						"raw": {
							"language": "json"
						}
					}
				},
				"url": {
					"raw": "{{webapi_domain}}/http_test?model_id=123",
					"host": [
						"{{webapi_domain}}"
					],
					"path": [
						"http_test"
					],
					"query": [
						{
							"key": "model_id",
							"value": "123"
						}
					]
				}
			},
			"response": []
		},
		{
			"name": "Get App Env",
			"request": {
				"method": "GET",
				"header": [],
				"url": {
					"raw": "{{webapi_domain}}/app_manage/app_env",
					"host": [
						"{{webapi_domain}}"
					],
					"path": [
						"app_manage",
						"app_env"
					],
					"query": [
						{
							"key": "env_name",
							"value": "HOME",
							"disabled": true
						}
					]
				}
			},
			"response": []
		}
	]
}