{
	"info": {
		"_postman_id": "93b6c831-dac8-4478-8fa7-486e0a719a59",
		"name": "PHM Online-Sam提供",
		"schema": "https://schema.getpostman.com/json/collection/v2.1.0/collection.json"
	},
	"item": [
		{
			"name": "Get Search Filter",
			"request": {
				"method": "GET",
				"header": [],
				"url": {
					"raw": "{{webapi_online_domain}}/dropitem/online_filter",
					"host": [
						"{{webapi_online_domain}}"
					],
					"path": [
						"dropitem",
						"online_filter"
					]
				}
			},
			"response": []
		},
		{
			"name": "Get Home Monitor",
			"request": {
				"method": "GET",
				"header": [],
				"url": {
					"raw": "{{webapi_online_domain}}/home",
					"host": [
						"{{webapi_online_domain}}"
					],
					"path": [
						"home"
					],
					"query": [
						{
							"key": "fab",
							"value": "L5C",
							"disabled": true
						},
						{
							"key": "fab",
							"value": "L6A",
							"disabled": true
						},
						{
							"key": "stage",
							"value": "Array",
							"disabled": true
						},
						{
							"key": "function",
							"value": "ETCH",
							"disabled": true
						}
					]
				}
			},
			"response": []
		},
		{
			"name": "Get Model Health",
			"request": {
				"method": "GET",
				"header": [],
				"url": {
					"raw": "{{webapi_online_domain}}/model_health?start_date=2020-04-26&end_date=2020-04-28",
					"host": [
						"{{webapi_online_domain}}"
					],
					"path": [
						"model_health"
					],
					"query": [
						{
							"key": "fab",
							"value": "L5C",
							"disabled": true
						},
						{
							"key": "fab",
							"value": "L6A",
							"disabled": true
						},
						{
							"key": "stage",
							"value": "Array",
							"disabled": true
						},
						{
							"key": "function",
							"value": "ETCH",
							"disabled": true
						},
						{
							"key": "model_type",
							"value": "anomaly_detection",
							"description": "anomaly_detection\nhealth_assessment\nprognostic",
							"disabled": true
						},
						{
							"key": "start_date",
							"value": "2020-04-26"
						},
						{
							"key": "end_date",
							"value": "2020-04-28"
						}
					]
				}
			},
			"response": []
		},
		{
			"name": "Get Tool On Line",
			"request": {
				"method": "GET",
				"header": [],
				"url": {
					"raw": "http://tcapcphmd01:7000/toolline?tool_id=AAIEX100&start_date=2020-04-16&end_date=2020-04-28",
					"protocol": "http",
					"host": [
						"tcapcphmd01"
					],
					"port": "7000",
					"path": [
						"toolline"
					],
					"query": [
						{
							"key": "tool_id",
							"value": "AAIEX100"
						},
						{
							"key": "start_date",
							"value": "2020-04-16"
						},
						{
							"key": "end_date",
							"value": "2020-04-28"
						}
					]
				}
			},
			"response": []
		}
	]
}