{
	"info": {
		"_postman_id": "bd4366e8-249c-4b2e-abe1-9359bd0325c5",
		"name": "PHM Sam",
		"schema": "https://schema.getpostman.com/json/collection/v2.1.0/collection.json"
	},
	"item": [
		{
			"name": "Data",
			"item": [
				{
					"name": "Data Collection",
					"request": {
						"method": "GET",
						"header": [],
						"url": {
							"raw": "{{webapi_domain}}/data/collection?model_id=5",
							"host": [
								"{{webapi_domain}}"
							],
							"path": [
								"data",
								"collection"
							],
							"query": [
								{
									"key": "model_id",
									"value": "5"
								}
							]
						}
					},
					"response": []
				},
				{
					"name": "Data Upload",
					"request": {
						"method": "POST",
						"header": [
							{
								"key": "Content-Type",
								"name": "Content-Type",
								"value": "application/json",
								"type": "text"
							}
						],
						"body": {
							"mode": "formdata",
							"formdata": [
								{
									"key": "model_id",
									"value": "5"
								},
								{
									"key": "tool",
									"value": "IEX201",
									"type": "text"
								},
								{
									"key": "chamber",
									"value": "AXI_Z",
									"type": "text"
								},
								{
									"key": "data_type",
									"value": "sensor_rich",
									"description": "sensor_rich\nfeature",
									"type": "text"
								},
								{
									"key": "label",
									"value": "ok",
									"type": "text"
								},
								{
									"key": "machine_part",
									"value": "motor",
									"type": "text"
								},
								{
									"key": "file_1",
									"type": "file",
									"src": "/C:/Users/samwuares/Desktop/2020-01-07_123456_IEX201-AXI_Z.csv"
								},
								{
									"key": "file_2",
									"type": "file",
									"src": "/C:/Users/samwuares/Desktop/2020-01-07_123456_IEX201-AXI_Z.csv"
								},
								{
									"key": "chunk_no",
									"value": "10",
									"type": "text"
								},
								{
									"key": "chunk_tatal",
									"value": "10",
									"type": "text"
								}
							],
							"options": {
								"raw": {
									"language": "json"
								}
							}
						},
						"url": {
							"raw": "{{webapi_domain}}/data",
							"host": [
								"{{webapi_domain}}"
							],
							"path": [
								"data"
							]
						}
					},
					"response": []
				},
				{
					"name": "Delete DataColletion",
					"request": {
						"method": "DELETE",
						"header": [
							{
								"key": "Content-Type",
								"name": "Content-Type",
								"value": "application/json",
								"type": "text"
							}
						],
						"body": {
							"mode": "raw",
							"raw": "{\n\t\"model_id\":5,\n\t\"data_collection_info_id\":24\n}",
							"options": {
								"raw": {
									"language": "json"
								}
							}
						},
						"url": {
							"raw": "{{webapi_domain}}/data",
							"host": [
								"{{webapi_domain}}"
							],
							"path": [
								"data"
							]
						}
					},
					"response": []
				},
				{
					"name": "Data TimeRange",
					"request": {
						"method": "GET",
						"header": [],
						"url": {
							"raw": "{{webapi_domain}}/data/time_range?model_id=5&tool=IEX201&chamber=AXI_Z",
							"host": [
								"{{webapi_domain}}"
							],
							"path": [
								"data",
								"time_range"
							],
							"query": [
								{
									"key": "model_id",
									"value": "5"
								},
								{
									"key": "tool",
									"value": "IEX201"
								},
								{
									"key": "chamber",
									"value": "AXI_Z"
								}
							]
						}
					},
					"response": []
				},
				{
					"name": "Data Get Preview",
					"request": {
						"method": "GET",
						"header": [],
						"url": {
							"raw": "{{webapi_domain}}/data?model_id=5&tool=IEX201&chamber=AXI_Z&label_part=ok_motor&start_time=2019-07-02 20:00:00&end_time=2023-05-09 22:00:00",
							"host": [
								"{{webapi_domain}}"
							],
							"path": [
								"data"
							],
							"query": [
								{
									"key": "model_id",
									"value": "5"
								},
								{
									"key": "tool",
									"value": "IEX201"
								},
								{
									"key": "chamber",
									"value": "AXI_Z"
								},
								{
									"key": "label_part",
									"value": "ok_motor"
								},
								{
									"key": "start_time",
									"value": "2019-07-02 20:00:00"
								},
								{
									"key": "end_time",
									"value": "2023-05-09 22:00:00"
								},
								{
									"key": "label",
									"value": "ok",
									"disabled": true
								},
								{
									"key": "machine_part",
									"value": "motor",
									"disabled": true
								}
							]
						}
					},
					"response": []
				},
				{
					"name": "Data Update",
					"request": {
						"method": "PUT",
						"header": [],
						"body": {
							"mode": "raw",
							"raw": "{\r\n   \"model_id\":22,\r\n   \"data_list\":[{\r\n     \"data_id\":10008,\r\n     \"use\":false\r\n   },\r\n   {\r\n     \"data_id\":10009,\r\n     \"use\":false\r\n   }]\r\n}",
							"options": {
								"raw": {
									"language": "json"
								}
							}
						},
						"url": {
							"raw": "{{webapi_domain}}/data",
							"host": [
								"{{webapi_domain}}"
							],
							"path": [
								"data"
							]
						}
					},
					"response": []
				}
			]
		},
		{
			"name": "Split Data",
			"item": [
				{
					"name": "Get",
					"request": {
						"method": "GET",
						"header": [],
						"url": {
							"raw": "{{webapi_domain}}/split_data?model_id=5",
							"host": [
								"{{webapi_domain}}"
							],
							"path": [
								"split_data"
							],
							"query": [
								{
									"key": "model_id",
									"value": "5"
								}
							]
						}
					},
					"response": []
				},
				{
					"name": "Upsert",
					"request": {
						"method": "PUT",
						"header": [
							{
								"key": "Content-Type",
								"name": "Content-Type",
								"value": "application/json",
								"type": "text"
							}
						],
						"body": {
							"mode": "raw",
							"raw": "{\n\t\"model_id\":5,\n\t\"ratio\":0.6\n}",
							"options": {
								"raw": {
									"language": "json"
								}
							}
						},
						"url": {
							"raw": "{{webapi_domain}}/split_data",
							"host": [
								"{{webapi_domain}}"
							],
							"path": [
								"split_data"
							]
						}
					},
					"response": []
				}
			]
		},
		{
			"name": "Sensor",
			"item": [
				{
					"name": "Get Sensor List",
					"request": {
						"method": "GET",
						"header": [],
						"url": {
							"raw": "{{webapi_domain}}/data/sensor_list?model_id=5",
							"host": [
								"{{webapi_domain}}"
							],
							"path": [
								"data",
								"sensor_list"
							],
							"query": [
								{
									"key": "model_id",
									"value": "5"
								}
							]
						}
					},
					"response": []
				}
			]
		}
	]
}