{
	"info": {
		"_postman_id": "8574c7b1-9f84-484a-9295-7fe790b5b78f",
		"name": "PHM-Donet",
		"schema": "https://schema.getpostman.com/json/collection/v2.1.0/collection.json"
	},
	"item": [
		{
			"name": "APC2-API",
			"item": [
				{
					"name": "GetFabs",
					"protocolProfileBehavior": {
						"disableBodyPruning": true
					},
					"request": {
						"method": "GET",
						"header": [
							{
								"key": "Content-Type",
								"value": "application/json",
								"type": "text"
							}
						],
						"body": {
							"mode": "formdata",
							"formdata": []
						},
						"url": {
							"raw": "10.96.18.60:888/api/Basicinfor/GetFabs?SITEID=TC",
							"host": [
								"10",
								"96",
								"18",
								"60"
							],
							"port": "888",
							"path": [
								"api",
								"Basicinfor",
								"GetFabs"
							],
							"query": [
								{
									"key": "SITEID",
									"value": "TC"
								}
							]
						}
					},
					"response": []
				},
				{
					"name": "GetStages",
					"protocolProfileBehavior": {
						"disableBodyPruning": true
					},
					"request": {
						"method": "GET",
						"header": [
							{
								"key": "Content-Type",
								"type": "text",
								"value": "application/json"
							}
						],
						"body": {
							"mode": "formdata",
							"formdata": []
						},
						"url": {
							"raw": "10.96.18.60:888/api/Basicinfor/GetModules?FABSITE=L5C",
							"host": [
								"10",
								"96",
								"18",
								"60"
							],
							"port": "888",
							"path": [
								"api",
								"Basicinfor",
								"GetModules"
							],
							"query": [
								{
									"key": "FABSITE",
									"value": "L5C"
								}
							]
						}
					},
					"response": []
				},
				{
					"name": "GetFunctions",
					"protocolProfileBehavior": {
						"disableBodyPruning": true
					},
					"request": {
						"method": "GET",
						"header": [
							{
								"key": "Content-Type",
								"type": "text",
								"value": "application/json"
							}
						],
						"body": {
							"mode": "formdata",
							"formdata": []
						},
						"url": {
							"raw": "10.96.18.60:888/api/Basicinfor/GetModules?FABSITE=L5C",
							"host": [
								"10",
								"96",
								"18",
								"60"
							],
							"port": "888",
							"path": [
								"api",
								"Basicinfor",
								"GetModules"
							],
							"query": [
								{
									"key": "FABSITE",
									"value": "L5C"
								}
							]
						}
					},
					"response": []
				},
				{
					"name": "Login",
					"protocolProfileBehavior": {
						"disableBodyPruning": true
					},
					"request": {
						"method": "GET",
						"header": [
							{
								"key": "Content-Type",
								"type": "text",
								"value": "application/json"
							}
						],
						"body": {
							"mode": "formdata",
							"formdata": []
						},
						"url": {
							"raw": "10.96.18.60:888/api/Basicinfor/GetModules?FABSITE=L5C",
							"host": [
								"10",
								"96",
								"18",
								"60"
							],
							"port": "888",
							"path": [
								"api",
								"Basicinfor",
								"GetModules"
							],
							"query": [
								{
									"key": "FABSITE",
									"value": "L5C"
								}
							]
						}
					},
					"response": []
				}
			]
		}
	]
}