{
	"info": {
		"_postman_id": "9be5c76a-c00f-460a-b72b-6a5c4947fbcb",
		"name": "PHM-Online",
		"schema": "https://schema.getpostman.com/json/collection/v2.1.0/collection.json"
	},
	"item": [
		{
			"name": "ToolList",
			"request": {
				"method": "GET",
				"header": [],
				"url": {
					"raw": "http://tcapcphmd01:7000/model_health?start_date=2020-04-26&end_date=2020-04-27",
					"protocol": "http",
					"host": [
						"tcapcphmd01"
					],
					"port": "7000",
					"path": [
						"model_health"
					],
					"query": [
						{
							"key": "fab",
							"value": "L5C",
							"disabled": true
						},
						{
							"key": "stage",
							"value": "Array",
							"disabled": true
						},
						{
							"key": "function",
							"value": "ETCH",
							"disabled": true
						},
						{
							"key": "start_date",
							"value": "2020-04-26"
						},
						{
							"key": "end_date",
							"value": "2020-04-27"
						},
						{
							"key": "model_type",
							"value": "anomaly",
							"disabled": true
						}
					]
				}
			},
			"response": []
		},
		{
			"name": "dropitem/online_filter",
			"request": {
				"method": "GET",
				"header": [],
				"url": {
					"raw": "http://tcapcphmd01:7000//dropitem/online_filter",
					"protocol": "http",
					"host": [
						"tcapcphmd01"
					],
					"port": "7000",
					"path": [
						"",
						"dropitem",
						"online_filter"
					]
				}
			},
			"response": []
		}
	]
}