{
	"info": {
		"_postman_id": "ebf72b08-83a4-4be7-8861-af1cdbb731fb",
		"name": "PHM",
		"schema": "https://schema.getpostman.com/json/collection/v2.1.0/collection.json"
	},
	"item": [
		{
			"name": "spectrum_statistical/GetList",
			"protocolProfileBehavior": {
				"disableBodyPruning": true
			},
			"request": {
				"method": "GET",
				"header": [
					{
						"key": "Content-Type",
						"name": "Content-Type",
						"value": "application/x-www-form-urlencoded",
						"type": "text"
					}
				],
				"body": {
					"mode": "raw",
					"raw": "{\r\n   \"project_id\":230,\r\n    \"model_id\":230\r\n}",
					"options": {
						"raw": {
							"language": "json"
						}
					}
				},
				"url": {
					"raw": "http://tcapcphmd01:8000/spectrum_statistical/get_list",
					"protocol": "http",
					"host": [
						"tcapcphmd01"
					],
					"port": "8000",
					"path": [
						"spectrum_statistical",
						"get_list"
					],
					"query": [
						{
							"key": "model_id",
							"value": "1",
							"disabled": true
						},
						{
							"key": "",
							"value": ""
						}
					]
				}
			},
			"response": []
		},
		{
			"name": "Project_Get_(ByID)",
			"protocolProfileBehavior": {
				"disableBodyPruning": true
			},
			"request": {
				"method": "GET",
				"header": [
					{
						"key": "Content-Type",
						"name": "Content-Type",
						"value": "application/x-www-form-urlencoded",
						"type": "text"
					}
				],
				"body": {
					"mode": "urlencoded",
					"urlencoded": [],
					"options": {
						"raw": {
							"language": "json"
						}
					}
				},
				"url": {
					"raw": "http://tcapcphmd01:8000/project?project_id=3&model_id=1",
					"protocol": "http",
					"host": [
						"tcapcphmd01"
					],
					"port": "8000",
					"path": [
						"project"
					],
					"query": [
						{
							"key": "keyword",
							"value": "",
							"disabled": true
						},
						{
							"key": "function",
							"value": "",
							"disabled": true
						},
						{
							"key": "fab",
							"value": "L5C",
							"disabled": true
						},
						{
							"key": "application",
							"value": "Robot",
							"disabled": true
						},
						{
							"key": "process_type",
							"value": "Array",
							"disabled": true
						},
						{
							"key": "section",
							"value": "",
							"disabled": true
						},
						{
							"key": "project_id",
							"value": "3"
						},
						{
							"key": "model_id",
							"value": "1"
						}
					]
				}
			},
			"response": []
		},
		{
			"name": "Project_Delete",
			"request": {
				"method": "DELETE",
				"header": [
					{
						"key": "Content-Type",
						"name": "Content-Type",
						"value": "application/json",
						"type": "text"
					}
				],
				"body": {
					"mode": "raw",
					"raw": "{\r\n\"project_id\":[2,3]\r\n\r\n }",
					"options": {
						"raw": {
							"language": "json"
						}
					}
				},
				"url": {
					"raw": "http://tcapcphmd01:8080/project",
					"protocol": "http",
					"host": [
						"tcapcphmd01"
					],
					"port": "8080",
					"path": [
						"project"
					],
					"query": [
						{
							"key": "keyword",
							"value": "",
							"disabled": true
						},
						{
							"key": "function",
							"value": "",
							"disabled": true
						},
						{
							"key": "fab",
							"value": "L5C",
							"disabled": true
						},
						{
							"key": "application",
							"value": "Robot",
							"disabled": true
						},
						{
							"key": "process_type",
							"value": "Array",
							"disabled": true
						},
						{
							"key": "section",
							"value": "",
							"disabled": true
						}
					]
				}
			},
			"response": []
		},
		{
			"name": "Project_Post",
			"request": {
				"method": "POST",
				"header": [
					{
						"key": "Content-Type",
						"name": "Content-Type",
						"value": "application/json",
						"type": "text"
					}
				],
				"body": {
					"mode": "raw",
					"raw": "{  \r\n   \"project_id\":null,\r\n   \"project_name\":\"test_phm\",\r\n   \"model_type\":\"anomaly_detection\",\r\n   \"application\":\"Robot\",\r\n   \"fab\":\"L5C\",\r\n   \"process_type\":\"Array\",\r\n   \"function\":\"PHOTO\",\r\n   \"section\":\"PVD\",\r\n   \"tool_type\":\"Robot_LD\",\r\n   \"tool_chamber_list\": [{  \r\n                          \"tool\":\"IEX200\",\r\n                          \"chamber\":\"AXI_Z\"\r\n                          },\r\n                          {  \r\n                           \"tool\":\"IEX201\",\r\n                           \"chamber\":\"AXI_Z\"\r\n                         }]\r\n}",
					"options": {
						"raw": {
							"language": "json"
						}
					}
				},
				"url": {
					"raw": "http://tcapcphmd01:8000/project",
					"protocol": "http",
					"host": [
						"tcapcphmd01"
					],
					"port": "8000",
					"path": [
						"project"
					]
				}
			},
			"response": []
		},
		{
			"name": "Project",
			"request": {
				"method": "GET",
				"header": [
					{
						"key": "Content-Type",
						"name": "Content-Type",
						"value": "application/json",
						"type": "text",
						"disabled": true
					}
				],
				"url": {
					"raw": "http://tcapcphmd01:8000/project?page_no=1&page_size=2&application&fab&stage&func&keyword",
					"protocol": "http",
					"host": [
						"tcapcphmd01"
					],
					"port": "8000",
					"path": [
						"project"
					],
					"query": [
						{
							"key": "page_no",
							"value": "1"
						},
						{
							"key": "page_size",
							"value": "2"
						},
						{
							"key": "application",
							"value": ""
						},
						{
							"key": "fab",
							"value": ""
						},
						{
							"key": "stage",
							"value": ""
						},
						{
							"key": "func",
							"value": ""
						},
						{
							"key": "keyword",
							"value": ""
						}
					]
				}
			},
			"response": []
		},
		{
			"name": "Project2",
			"request": {
				"method": "GET",
				"header": [
					{
						"key": "Content-Type",
						"name": "Content-Type",
						"type": "text",
						"value": "application/json",
						"disabled": true
					}
				],
				"url": {
					"raw": "http://tcapcphmd01:8000/project?project_id=608",
					"protocol": "http",
					"host": [
						"tcapcphmd01"
					],
					"port": "8000",
					"path": [
						"project"
					],
					"query": [
						{
							"key": "project_id",
							"value": "608"
						}
					]
				}
			},
			"response": []
		},
		{
			"name": "frequency_transform",
			"protocolProfileBehavior": {
				"disableBodyPruning": true
			},
			"request": {
				"method": "GET",
				"header": [
					{
						"key": "Content-Type",
						"name": "Content-Type",
						"value": "application/json",
						"type": "text"
					}
				],
				"body": {
					"mode": "raw",
					"raw": "{\r\n   \"project_id\":5,\r\n    \"model_id\":5\r\n}",
					"options": {
						"raw": {
							"language": "json"
						}
					}
				},
				"url": {
					"raw": "http://tcapcphmd01:8000/frequency_transform",
					"protocol": "http",
					"host": [
						"tcapcphmd01"
					],
					"port": "8000",
					"path": [
						"frequency_transform"
					]
				}
			},
			"response": []
		},
		{
			"name": "frequency_transform",
			"request": {
				"method": "POST",
				"header": [
					{
						"key": "Content-Type",
						"name": "Content-Type",
						"type": "text",
						"value": "application/json"
					}
				],
				"body": {
					"mode": "raw",
					"raw": "{\r\n    \"project_id\": \"5\",\r\n    \"model_id\": \"5\",\r\n    \"data\": [\r\n        {\r\n            \"param\": \"S4\",\r\n            \"method\": \"PSD\",\r\n            \"method_param\": {\r\n                \"samplerate\": 4000,\r\n                \"level\": 7\r\n            }\r\n        }\r\n    ]\r\n}",
					"options": {
						"raw": {
							"language": "json"
						}
					}
				},
				"url": {
					"raw": "http://tcapcphmd01:8080/frequency_transform",
					"protocol": "http",
					"host": [
						"tcapcphmd01"
					],
					"port": "8080",
					"path": [
						"frequency_transform"
					]
				}
			},
			"response": []
		},
		{
			"name": "frequency_transform Copy",
			"request": {
				"method": "POST",
				"header": [
					{
						"key": "Content-Type",
						"name": "Content-Type",
						"type": "text",
						"value": "application/json"
					}
				],
				"body": {
					"mode": "raw",
					"raw": "{\r\n    \"project_id\": \"5\",\r\n    \"model_id\": \"5\",\r\n    \"data\": [\r\n        {\r\n            \"param\": \"S4\",\r\n            \"method\": \"PSD\",\r\n            \"method_param\": {\r\n                \"samplerate\": 4000,\r\n                \"level\": 7\r\n            }\r\n        }\r\n    ]\r\n}",
					"options": {
						"raw": {
							"language": "json"
						}
					}
				},
				"url": {
					"raw": "http://tcapcphmd01:8080/frequency_transform",
					"protocol": "http",
					"host": [
						"tcapcphmd01"
					],
					"port": "8080",
					"path": [
						"frequency_transform"
					]
				}
			},
			"response": []
		},
		{
			"name": "frequency_transform Copy",
			"request": {
				"method": "POST",
				"header": [
					{
						"key": "Content-Type",
						"name": "Content-Type",
						"type": "text",
						"value": "application/json"
					}
				],
				"body": {
					"mode": "raw",
					"raw": "{\r\n    \"project_id\": 5,\r\n    \"model_id\": 5,\r\n    \"data\": [\r\n        {\r\n            \"spectrum_collection_info_id\": 450,\r\n            \"parameter\": \"S1\",\r\n            \"spectrum\": \"FFT\",\r\n            \"statistical\": [\r\n                \"Entropy\",\r\n                \"Peak2peak\",\r\n                \"Std\",\r\n                \"Var\",\r\n                \"RMS\",\r\n                \"Mean\",\r\n                \"Skewness\",\r\n                \"Kurtosis\",\r\n                \"Quantile_5\",\r\n                \"Quantile_25\",\r\n                \"Quantile_50\",\r\n                \"Quantile_75\",\r\n                \"Quantile_95\"\r\n            ],\r\n            \"bin\": 1\r\n        }\r\n    ]\r\n}",
					"options": {
						"raw": {
							"language": "json"
						}
					}
				},
				"url": {
					"raw": "http://tcapcphmd01:8000/spectrum_statistical",
					"protocol": "http",
					"host": [
						"tcapcphmd01"
					],
					"port": "8000",
					"path": [
						"spectrum_statistical"
					]
				}
			},
			"response": []
		},
		{
			"name": "modeling",
			"protocolProfileBehavior": {
				"disableBodyPruning": true
			},
			"request": {
				"method": "GET",
				"header": [
					{
						"key": "Content-Type",
						"name": "Content-Type",
						"value": "application/json",
						"type": "text"
					}
				],
				"body": {
					"mode": "raw",
					"raw": "{\r\n   \"project_id\":5,\r\n    \"model_id\":5\r\n}",
					"options": {
						"raw": {
							"language": "json"
						}
					}
				},
				"url": {
					"raw": "http://tcapcphmd01:8000/modeling",
					"protocol": "http",
					"host": [
						"tcapcphmd01"
					],
					"port": "8000",
					"path": [
						"modeling"
					]
				}
			},
			"response": []
		},
		{
			"name": "GetModelInfo",
			"protocolProfileBehavior": {
				"disableBodyPruning": true
			},
			"request": {
				"method": "GET",
				"header": [
					{
						"key": "Content-Type",
						"name": "Content-Type",
						"value": "application/json",
						"type": "text"
					}
				],
				"body": {
					"mode": "raw",
					"raw": "{\r\n   \"project_id\":5,\r\n    \"model_id\":5\r\n}",
					"options": {
						"raw": {
							"language": "json"
						}
					}
				},
				"url": {
					"raw": "http://tcapcphmd01:8000/modeling",
					"protocol": "http",
					"host": [
						"tcapcphmd01"
					],
					"port": "8000",
					"path": [
						"modeling"
					]
				}
			},
			"response": []
		}
	]
}