{
	"info": {
		"_postman_id": "4d7b6555-e4ed-4478-a887-cd02494aa0ad",
		"name": "R2R",
		"schema": "https://schema.getpostman.com/json/collection/v2.1.0/collection.json"
	},
	"item": [
		{
			"name": "Login",
			"request": {
				"method": "POST",
				"header": [],
				"body": {
					"mode": "raw",
					"raw": "{\r\n    \"userName\": \"admin\",\r\n    \"passWord\": \"111111\"\r\n}",
					"options": {
						"raw": {
							"language": "json"
						}
					}
				},
				"url": {
					"raw": "http://10.96.18.179/SOR2R_API/SmartR2RIndex/login",
					"protocol": "http",
					"host": [
						"10",
						"96",
						"18",
						"179"
					],
					"path": [
						"SOR2R_API",
						"SmartR2RIndex",
						"login"
					]
				}
			},
			"response": []
		},
		{
			"name": "getHistory",
			"request": {
				"method": "POST",
				"header": [],
				"body": {
					"mode": "raw",
					"raw": "{\r\n    \"onlineId\": 3,\r\n    \"fromTime\": \"2020/09/25 10:41:39\",\r\n    \"toTime\": \"2020/09/28 10:41:39\"\r\n}",
					"options": {
						"raw": {
							"language": "json"
						}
					}
				},
				"url": {
					"raw": "http://10.96.18.179/SOR2R_API/SmartR2ROnline/getHistory",
					"protocol": "http",
					"host": [
						"10",
						"96",
						"18",
						"179"
					],
					"path": [
						"SOR2R_API",
						"SmartR2ROnline",
						"getHistory"
					]
				}
			},
			"response": []
		},
		{
			"name": "viewLastAdvice",
			"request": {
				"method": "GET",
				"header": [],
				"url": {
					"raw": "http://10.96.18.179/SOR2R_API/SmartR2ROnline/viewLastAdvice/4",
					"protocol": "http",
					"host": [
						"10",
						"96",
						"18",
						"179"
					],
					"path": [
						"SOR2R_API",
						"SmartR2ROnline",
						"viewLastAdvice",
						"4"
					]
				}
			},
			"response": []
		},
		{
			"name": "WebUse",
			"request": {
				"method": "POST",
				"header": [],
				"body": {
					"mode": "raw",
					"raw": "{\r\n    \"Fab\": \"6A\",\r\n    \"LogSrv\": \"R2R\",\r\n    \"UserName\": \"1110012\",\r\n    \"SiteName\": \"L6A\",\r\n    \"OrgID\": \"ADTEC2\",\r\n    \"FunctionName\": \"Smart R2R\",\r\n    \"Url\": \"/SmartR2R_Web/#/home\"\r\n}",
					"options": {
						"raw": {
							"language": "json"
						}
					}
				},
				"url": {
					"raw": "http://10.96.18.10/APC_WEB_API/APC_API/WebUsedLog/Put_WebFuncUsedLog",
					"protocol": "http",
					"host": [
						"10",
						"96",
						"18",
						"10"
					],
					"path": [
						"APC_WEB_API",
						"APC_API",
						"WebUsedLog",
						"Put_WebFuncUsedLog"
					]
				}
			},
			"response": []
		}
	]
}