{
	"id": "d93252d4-d73b-4b66-bea5-9fd2806810af",
	"name": "UAA_PRD",
	"values": [
		{
			"key": "UAA_API_IP",
			"value": "uaa.mega.com",
			"enabled": true
		},
		{
			"key": "UAA_API_Port",
			"value": "9999",
			"enabled": true
		},
		{
			"key": "UAA_API_URL",
			"value": "http://t-uaa.mega-insight.com",
			"enabled": true
		},
		{
			"key": "client_id",
			"value": "PHM_v1",
			"enabled": true
		},
		{
			"key": "domain-id",
			"value": "AUO",
			"enabled": true
		},
		{
			"key": "client_secret",
			"value": "PHM_v1",
			"enabled": true
		}
	],
	"_postman_variable_scope": "environment",
	"_postman_exported_at": "2021-05-07T09:34:55.196Z",
	"_postman_exported_using": "Postman/8.2.3"
}